09/15/2005,26.01,26.14,25.7,25.86,"713,200",APCC
09/16/2005,25.79,26.78,25.56,26.55,"2,275,600",APCC
9/17/2005,nan,nan,nan,nan,nan,APCC
9/18/2005,nan,nan,nan,nan,nan,APCC
09/19/2005,26.71,26.71,25.71,25.93,"1,008,200",APCC
09/20/2005,26.06,26.39,25.26,25.36,"1,127,800",APCC
09/21/2005,25.46,25.46,24.36,24.82,"1,335,200",APCC
09/22/2005,24.73,25.28,24.46,25,"974,500",APCC
09/23/2005,24.95,25.4,24.6,25.31,"664,200",APCC
9/24/2005,nan,nan,nan,nan,nan,APCC
9/25/2005,nan,nan,nan,nan,nan,APCC
09/26/2005,25.45,25.67,24.98,25.37,"595,100",APCC
09/27/2005,25.4,25.4,24.69,25.06,"718,900",APCC
09/28/2005,25.05,25.38,24.77,25.09,"775,600",APCC
09/29/2005,25.03,26,25,25.91,"886,900",APCC
09/30/2005,25.9,26.1,25.68,25.91,"708,400",APCC
10/1/2005,nan,nan,nan,nan,nan,APCC
10/2/2005,nan,nan,nan,nan,nan,APCC
10/03/2005,26.07,26.31,25.78,26.07,"863,600",APCC
10/04/2005,25.92,26.27,25.4,25.5,"670,200",APCC
10/05/2005,25.5,25.79,24.83,25.13,"1,005,300",APCC
10/06/2005,24.99,25,24.38,24.7,"969,300",APCC
10/07/2005,24.95,25.28,24.65,24.71,"735,200",APCC
10/8/2005,nan,nan,nan,nan,nan,APCC
10/9/2005,nan,nan,nan,nan,nan,APCC
10/10/2005,24.59,24.66,24.16,24.38,"920,000",APCC
10/11/2005,24.29,24.37,23.4,24.01,"2,320,000",APCC
10/12/2005,24,24.63,23.66,24.05,"1,186,800",APCC
10/13/2005,23.93,24.1,23.26,24.01,"1,608,300",APCC
10/14/2005,23.81,24.5,23.33,24.15,"1,055,000",APCC
10/15/2005,nan,nan,nan,nan,nan,APCC
10/16/2005,nan,nan,nan,nan,nan,APCC
10/17/2005,24.02,24.09,23.42,23.81,"1,155,400",APCC
10/18/2005,23.72,23.92,22.87,23.4,"1,401,200",APCC
10/19/2005,23.45,23.66,22.28,23.64,"1,685,100",APCC
10/20/2005,23.84,23.84,23.03,23.27,"1,141,500",APCC
10/21/2005,23.41,23.62,22.5,22.88,"1,975,400",APCC
10/22/2005,nan,nan,nan,nan,nan,APCC
10/23/2005,nan,nan,nan,nan,nan,APCC
10/24/2005,22.88,23.78,22.78,23.41,"1,505,800",APCC
10/25/2005,23.51,24.15,23.4,24.12,"1,201,600",APCC
10/26/2005,24.1,24.44,23.79,24.27,"1,402,700",APCC
10/27/2005,21.32,22.88,19,21.96,"8,761,200",APCC
10/28/2005,22.05,22.24,21.24,21.63,"4,132,500",APCC
10/29/2005,nan,nan,nan,nan,nan,APCC
10/30/2005,nan,nan,nan,nan,nan,APCC
10/31/2005,21.58,21.6,20.83,21.38,"4,224,900",APCC
11/01/2005,21.34,22,21.25,21.73,"1,998,800",APCC
11/02/2005,21.68,22.07,21.28,21.98,"1,943,600",APCC
11/03/2005,22.26,22.49,22,22.23,"1,477,400",APCC
11/04/2005,22.26,22.5,21.06,21.35,"2,910,700",APCC
11/5/2005,nan,nan,nan,nan,nan,APCC
11/6/2005,nan,nan,nan,nan,nan,APCC
11/07/2005,21.46,21.55,20.81,21.3,"1,477,400",APCC
11/08/2005,21.33,21.38,20.91,21.16,"1,616,900",APCC
11/09/2005,21.12,21.45,20.81,21.28,"1,322,900",APCC
11/10/2005,21.43,21.44,20.95,21.41,"1,262,600",APCC
11/11/2005,21.36,21.84,21.36,21.42,"1,084,900",APCC
11/12/2005,nan,nan,nan,nan,nan,APCC
11/13/2005,nan,nan,nan,nan,nan,APCC
11/14/2005,21.39,21.47,21.12,21.25,"1,064,300",APCC
11/15/2005,21.42,21.42,20.91,21.05,"1,276,400",APCC
11/16/2005,21.15,21.15,20.59,20.96,"1,185,600",APCC
11/17/2005,21.13,21.55,20.96,21.32,"1,543,900",APCC
11/18/2005,21.68,21.68,21.3,21.53,"2,435,200",APCC
11/19/2005,nan,nan,nan,nan,nan,APCC
11/20/2005,nan,nan,nan,nan,nan,APCC
11/21/2005,21.6,21.69,21.25,21.41,"1,383,800",APCC
11/22/2005,21.31,21.44,21.1,21.28,"1,563,200",APCC
11/23/2005,21.21,21.79,21.13,21.67,"1,454,500",APCC
11/24/2005,nan,nan,nan,nan,nan,APCC
11/25/2005,21.61,22.29,21.61,22.08,"621,000",APCC
11/26/2005,nan,nan,nan,nan,nan,APCC
11/27/2005,nan,nan,nan,nan,nan,APCC
11/28/2005,22.22,22.24,21.83,22.01,"1,278,400",APCC
11/29/2005,22.19,22.2,21.85,21.92,"1,267,700",APCC
11/30/2005,21.81,22.56,21.77,22.41,"2,013,200",APCC
12/01/2005,22.6,22.85,22.45,22.77,"983,200",APCC
12/02/2005,22.54,22.6,22.17,22.5,"863,900",APCC
12/3/2005,nan,nan,nan,nan,nan,APCC
12/4/2005,nan,nan,nan,nan,nan,APCC
12/05/2005,22.53,22.53,22.01,22.36,"673,300",APCC
12/06/2005,22.48,22.63,22.28,22.33,"671,800",APCC
12/07/2005,22.26,22.54,22.12,22.18,"1,367,200",APCC
12/08/2005,22.27,22.4,22.02,22.11,"1,418,700",APCC
12/09/2005,22.25,22.33,22.11,22.19,"716,500",APCC
12/10/2005,nan,nan,nan,nan,nan,APCC
12/11/2005,nan,nan,nan,nan,nan,APCC
12/12/2005,22.28,22.5,21.94,22.19,"838,700",APCC
12/13/2005,22.2,22.72,22.01,22.45,"962,400",APCC
12/14/2005,22.45,22.87,22.34,22.51,"1,465,700",APCC
12/15/2005,22.55,22.56,22.02,22.51,"892,900",APCC
12/16/2005,22.46,22.75,22.27,22.34,"2,341,900",APCC
12/17/2005,nan,nan,nan,nan,nan,APCC
12/18/2005,nan,nan,nan,nan,nan,APCC
12/19/2005,22.5,22.55,22,22.04,"1,089,600",APCC
12/20/2005,22.04,22.74,21.93,22.3,"1,362,400",APCC
12/21/2005,22.3,22.5,21.81,21.92,"1,077,800",APCC
12/22/2005,21.87,22.07,21.77,21.92,"628,000",APCC
12/23/2005,22,22.32,21.9,22.15,"626,800",APCC
12/24/2005,nan,nan,nan,nan,nan,APCC
12/25/2005,nan,nan,nan,nan,nan,APCC
12/26/2005,nan,nan,nan,nan,nan,APCC
12/27/2005,22.15,22.55,21.91,22.14,"1,027,500",APCC
12/28/2005,22.14,22.3,22.03,22.06,"903,300",APCC
12/29/2005,22,22.52,22,22.32,"1,168,900",APCC
12/30/2005,22.14,22.28,21.86,22,"873,100",APCC
12/31/2005,nan,nan,nan,nan,nan,APCC
1/1/2006,nan,nan,nan,nan,nan,APCC
1/2/2006,nan,nan,nan,nan,nan,APCC
01/03/2006,22,22.51,21.7,22.44,"1,512,500",APCC
01/04/2006,22.55,23.23,22.35,23.03,"1,885,000",APCC
01/05/2006,23.09,23.21,22.94,23.01,"942,400",APCC
01/06/2006,23.22,23.73,23.01,23.57,"969,100",APCC
1/7/2006,nan,nan,nan,nan,nan,APCC
1/8/2006,nan,nan,nan,nan,nan,APCC
01/09/2006,23.43,23.8,23.25,23.43,"1,239,600",APCC
01/10/2006,23.4,23.62,23.06,23.29,"1,371,000",APCC
01/11/2006,23.39,23.54,23.12,23.36,"798,700",APCC
01/12/2006,23.28,23.55,23.03,23.19,"660,200",APCC
01/13/2006,23.28,23.51,23.15,23.35,"677,100",APCC
1/14/2006,nan,nan,nan,nan,nan,APCC
1/15/2006,nan,nan,nan,nan,nan,APCC
1/16/2006,nan,nan,nan,nan,nan,APCC
01/17/2006,23.3,23.62,23.11,23.28,"726,500",APCC
01/18/2006,23.11,23.58,23.06,23.32,"954,800",APCC
01/19/2006,23.3,23.98,23.25,23.89,"795,100",APCC
01/20/2006,23.71,24.24,23,23.07,"1,284,500",APCC
1/21/2006,nan,nan,nan,nan,nan,APCC
1/22/2006,nan,nan,nan,nan,nan,APCC
01/23/2006,23.06,23.33,22.81,23.05,"1,062,100",APCC
01/24/2006,23.02,23.46,22.85,23.16,"1,274,100",APCC
01/25/2006,23.13,23.41,23.04,23.26,"942,800",APCC
01/26/2006,23.49,23.84,23.12,23.77,"925,900",APCC
01/27/2006,23.85,24.75,23.74,24.12,"952,000",APCC
1/28/2006,nan,nan,nan,nan,nan,APCC
1/29/2006,nan,nan,nan,nan,nan,APCC
01/30/2006,24.25,24.5,23.82,24.01,"882,800",APCC
01/31/2006,23.82,23.98,23.33,23.7,"968,800",APCC
02/01/2006,23.51,24.05,23.45,23.96,"1,171,400",APCC
02/02/2006,23.71,23.81,23.14,23.32,"1,363,000",APCC
02/03/2006,21,21.27,19.65,20.08,"10,738,700",APCC
2/4/2006,nan,nan,nan,nan,nan,APCC
2/5/2006,nan,nan,nan,nan,nan,APCC
02/06/2006,19.98,20.76,19.98,20.31,"3,668,700",APCC
02/07/2006,20.22,20.5,20.08,20.24,"1,852,200",APCC
02/08/2006,20.23,20.48,20.06,20.29,"1,214,100",APCC
02/09/2006,20.38,20.5,20,20.27,"1,618,500",APCC
02/10/2006,20.2,20.47,20.15,20.36,"1,385,800",APCC
2/11/2006,nan,nan,nan,nan,nan,APCC
2/12/2006,nan,nan,nan,nan,nan,APCC
02/13/2006,20.36,20.39,20.01,20.29,"1,533,400",APCC
02/14/2006,20.24,20.49,20.14,20.18,"1,978,400",APCC
02/15/2006,20.03,20.16,19.82,20.06,"2,339,500",APCC
02/16/2006,20.01,20.25,19.94,20.15,"1,407,500",APCC
02/17/2006,20.05,20.34,20.02,20.04,"1,278,900",APCC
2/18/2006,nan,nan,nan,nan,nan,APCC
2/19/2006,nan,nan,nan,nan,nan,APCC
2/20/2006,nan,nan,nan,nan,nan,APCC
02/21/2006,20.12,20.3,19.98,20.08,"1,396,300",APCC
02/22/2006,20.11,20.57,20.02,20.2,"1,439,600",APCC
02/23/2006,20.1,20.52,20.1,20.3,"1,078,300",APCC
02/24/2006,20.25,20.5,20.21,20.42,"994,500",APCC
2/25/2006,nan,nan,nan,nan,nan,APCC
2/26/2006,nan,nan,nan,nan,nan,APCC
02/27/2006,20.27,20.87,20.27,20.51,"796,000",APCC
02/28/2006,20.46,20.6,20.32,20.4,"1,834,800",APCC
03/01/2006,20.4,20.6,20.36,20.51,"1,355,700",APCC
03/02/2006,20.35,20.51,20.3,20.41,"1,200,800",APCC
03/03/2006,20.3,21,20.3,20.72,"1,783,700",APCC
3/4/2006,nan,nan,nan,nan,nan,APCC
3/5/2006,nan,nan,nan,nan,nan,APCC
03/06/2006,20.65,21,20.34,20.47,"1,570,600",APCC
03/07/2006,20.31,20.65,20.3,20.5,"1,362,200",APCC
03/08/2006,20.64,20.65,20.35,20.55,"1,612,400",APCC
03/09/2006,20.54,20.77,20.4,20.58,"1,810,900",APCC
03/10/2006,20.45,20.73,20.37,20.65,"1,159,400",APCC
3/11/2006,nan,nan,nan,nan,nan,APCC
3/12/2006,nan,nan,nan,nan,nan,APCC
03/13/2006,20.67,20.78,20.5,20.59,"601,100",APCC
03/14/2006,20.77,20.94,20.51,20.89,"737,500",APCC
03/15/2006,20.98,21,20.79,20.91,"504,200",APCC
03/16/2006,21.97,22.92,21.71,21.89,"2,879,600",APCC
03/17/2006,22.02,22.42,21.78,22.41,"2,034,800",APCC
3/18/2006,nan,nan,nan,nan,nan,APCC
3/19/2006,nan,nan,nan,nan,nan,APCC
03/20/2006,22.45,22.7,22.3,22.66,"1,949,400",APCC
03/21/2006,22.58,22.74,22.18,22.44,"1,606,200",APCC
03/22/2006,22.25,22.76,22.02,22.7,"1,526,400",APCC
03/23/2006,22.58,22.7,22.27,22.43,"766,100",APCC
03/24/2006,22.53,22.59,22.22,22.41,"891,000",APCC
3/25/2006,nan,nan,nan,nan,nan,APCC
3/26/2006,nan,nan,nan,nan,nan,APCC
03/27/2006,21.81,22.64,21.73,22.61,"1,752,300",APCC
03/28/2006,22.7,22.81,22.36,22.47,"1,634,800",APCC
03/29/2006,22.61,23.2,22.4,23.11,"1,783,700",APCC
03/30/2006,23.18,23.4,22.98,23.29,"1,257,500",APCC
03/31/2006,23.37,23.73,22.93,23.11,"1,831,200",APCC
4/1/2006,nan,nan,nan,nan,nan,APCC
4/2/2006,nan,nan,nan,nan,nan,APCC
04/03/2006,23.24,23.32,22.64,22.73,"1,636,300",APCC
04/04/2006,22.72,22.95,22.42,22.59,"1,352,400",APCC
04/05/2006,22.67,23.18,22.4,22.98,"1,137,600",APCC
04/06/2006,23.02,23.16,22.76,23.05,"1,025,400",APCC
04/07/2006,23.06,23.39,22.6,22.78,"1,159,200",APCC
4/8/2006,nan,nan,nan,nan,nan,APCC
4/9/2006,nan,nan,nan,nan,nan,APCC
04/10/2006,22.86,22.97,22.3,22.41,"884,500",APCC
04/11/2006,22.41,22.63,22.19,22.26,"664,200",APCC
04/12/2006,22.31,22.42,22.09,22.26,"663,600",APCC
04/13/2006,22.3,22.5,21.98,22.26,"673,000",APCC
4/14/2006,nan,nan,nan,nan,nan,APCC
4/15/2006,nan,nan,nan,nan,nan,APCC
4/16/2006,nan,nan,nan,nan,nan,APCC
04/17/2006,22.18,22.25,22,22.19,"925,100",APCC
04/18/2006,22.12,22.97,22.03,22.89,"1,370,300",APCC
04/19/2006,22.87,23.05,22.62,23,"877,000",APCC
04/20/2006,22.93,23.4,22.85,23.08,"857,000",APCC
04/21/2006,23.21,23.5,22.69,22.88,"866,000",APCC
4/22/2006,nan,nan,nan,nan,nan,APCC
4/23/2006,nan,nan,nan,nan,nan,APCC
04/24/2006,22.83,23.25,22.62,23.03,"842,600",APCC
04/25/2006,23.02,23.18,22.66,22.89,"1,306,500",APCC
04/26/2006,22.72,23.31,22.54,22.89,"1,166,600",APCC
04/27/2006,22.84,23.65,22.77,23.06,"1,575,500",APCC
04/28/2006,22.04,22.65,21.98,22.24,"2,451,200",APCC
4/29/2006,nan,nan,nan,nan,nan,APCC
4/30/2006,nan,nan,nan,nan,nan,APCC
05/01/2006,22.24,22.34,21.19,21.57,"1,820,300",APCC
05/02/2006,21.54,21.62,21.13,21.27,"1,617,200",APCC
05/03/2006,21.12,21.42,21.1,21.22,"1,029,800",APCC
05/04/2006,21.12,21.8,21.08,21.68,"1,247,100",APCC
05/05/2006,21.79,21.92,21.59,21.76,"867,400",APCC
5/6/2006,nan,nan,nan,nan,nan,APCC
5/7/2006,nan,nan,nan,nan,nan,APCC
05/08/2006,21.8,21.84,21.46,21.7,"769,400",APCC
05/09/2006,21.53,21.62,21.39,21.53,"1,111,600",APCC
05/10/2006,21.36,21.8,21.31,21.64,"1,129,600",APCC
05/11/2006,21.46,21.67,21.4,21.5,"1,412,400",APCC
05/12/2006,21.34,21.64,20.81,21.04,"1,698,100",APCC
5/13/2006,nan,nan,nan,nan,nan,APCC
5/14/2006,nan,nan,nan,nan,nan,APCC
05/15/2006,21,21.08,20.45,21.03,"1,469,700",APCC
05/16/2006,20.69,21.05,20.68,20.97,"1,705,400",APCC
05/17/2006,20.74,20.86,20.36,20.46,"2,408,600",APCC
05/18/2006,20.61,20.61,20.08,20.27,"2,462,600",APCC
05/19/2006,20.04,20.43,19.64,19.76,"2,371,900",APCC
5/20/2006,nan,nan,nan,nan,nan,APCC
5/21/2006,nan,nan,nan,nan,nan,APCC
05/22/2006,19.57,19.85,19.21,19.54,"1,587,200",APCC
05/23/2006,19.58,19.87,19.41,19.47,"1,457,400",APCC
05/24/2006,19.33,19.59,19.1,19.58,"1,797,100",APCC
05/25/2006,19.58,19.94,19.3,19.79,"1,606,000",APCC
05/26/2006,19.77,19.97,19.56,19.89,"975,200",APCC
5/27/2006,nan,nan,nan,nan,nan,APCC
5/28/2006,nan,nan,nan,nan,nan,APCC
5/29/2006,nan,nan,nan,nan,nan,APCC
05/30/2006,19.72,19.78,19.39,19.49,"1,182,100",APCC
05/31/2006,19.45,19.82,19.39,19.68,"915,800",APCC
06/01/2006,19.77,20.11,19.45,20.11,"1,883,900",APCC
06/02/2006,20.11,20.12,19.67,20.02,"1,276,300",APCC
6/3/2006,nan,nan,nan,nan,nan,APCC
6/4/2006,nan,nan,nan,nan,nan,APCC
06/05/2006,19.89,19.93,19.34,19.39,"851,000",APCC
06/06/2006,19.4,19.61,18.96,19.14,"832,400",APCC
06/07/2006,19.25,19.25,18.85,18.98,"1,440,100",APCC
06/08/2006,18.85,18.98,18.21,18.52,"1,830,800",APCC
06/09/2006,18.61,18.76,18.31,18.54,"2,094,800",APCC
6/10/2006,nan,nan,nan,nan,nan,APCC
6/11/2006,nan,nan,nan,nan,nan,APCC
06/12/2006,18.62,18.91,18.46,18.57,"1,170,700",APCC
06/13/2006,18.53,18.81,18.43,18.51,"1,294,300",APCC
06/14/2006,18.49,18.73,18.4,18.61,"1,229,700",APCC
06/15/2006,18.64,19.19,18.46,19.07,"915,600",APCC
06/16/2006,18.92,19.18,18.92,19.06,"1,651,400",APCC
6/17/2006,nan,nan,nan,nan,nan,APCC
6/18/2006,nan,nan,nan,nan,nan,APCC
06/19/2006,19.01,19.15,18.89,18.95,"1,221,300",APCC
06/20/2006,18.87,18.94,18.6,18.73,"831,600",APCC
06/21/2006,18.86,19.19,18.5,19,"822,700",APCC
06/22/2006,19.01,19.1,18.58,18.83,"744,300",APCC
06/23/2006,18.86,19.22,18.65,18.89,"611,500",APCC
6/24/2006,nan,nan,nan,nan,nan,APCC
6/25/2006,nan,nan,nan,nan,nan,APCC
06/26/2006,18.87,19.02,18.71,18.9,"742,200",APCC
06/27/2006,18.95,19.02,18.69,18.78,"1,325,300",APCC
06/28/2006,18.75,18.94,18.57,18.8,"1,287,500",APCC
06/29/2006,19,19.81,18.88,19.61,"1,586,400",APCC
06/30/2006,19.78,19.92,19.42,19.49,"2,000,100",APCC
7/1/2006,nan,nan,nan,nan,nan,APCC
7/2/2006,nan,nan,nan,nan,nan,APCC
07/03/2006,19.26,19.65,19.26,19.52,"480,400",APCC
7/4/2006,nan,nan,nan,nan,nan,APCC
07/05/2006,19.51,19.51,19.09,19.18,"1,132,100",APCC
07/06/2006,19.26,19.47,19.13,19.28,"1,160,800",APCC
07/07/2006,19.11,19.33,18.5,18.93,"1,255,600",APCC
7/8/2006,nan,nan,nan,nan,nan,APCC
7/9/2006,nan,nan,nan,nan,nan,APCC
07/10/2006,19,19.16,18.71,18.76,"978,700",APCC
07/11/2006,18.79,18.86,18.26,18.57,"1,255,500",APCC
07/12/2006,18.44,18.66,18.03,18.15,"1,003,900",APCC
07/13/2006,18.04,18.23,17.7,17.85,"2,014,500",APCC
07/14/2006,17.78,17.95,17.35,17.55,"1,936,300",APCC
7/15/2006,nan,nan,nan,nan,nan,APCC
7/16/2006,nan,nan,nan,nan,nan,APCC
07/17/2006,17.5,17.74,17.13,17.27,"935,700",APCC
07/18/2006,17.25,17.42,16.95,17.36,"1,345,100",APCC
07/19/2006,17.39,17.84,17.39,17.65,"1,320,200",APCC
07/20/2006,17.59,17.66,17.09,17.15,"1,253,100",APCC
07/21/2006,17.04,17.22,16.95,17.03,"1,169,500",APCC
7/22/2006,nan,nan,nan,nan,nan,APCC
7/23/2006,nan,nan,nan,nan,nan,APCC
07/24/2006,17.03,17.44,17.03,17.25,"995,300",APCC
07/25/2006,17.12,17.48,17.1,17.33,"1,108,600",APCC
07/26/2006,17.37,17.48,16.99,17.31,"1,196,000",APCC
07/27/2006,17.3,17.49,16.97,17.05,"1,380,000",APCC
07/28/2006,16.6,17.25,16.57,17.09,"2,296,500",APCC
7/29/2006,nan,nan,nan,nan,nan,APCC
7/30/2006,nan,nan,nan,nan,nan,APCC
07/31/2006,17,17.27,16.74,16.88,"2,080,500",APCC
08/01/2006,16.78,16.79,16.3,16.45,"2,078,400",APCC
08/02/2006,16.45,16.83,16.28,16.63,"1,384,900",APCC
08/03/2006,16.62,16.89,16.47,16.72,"1,610,400",APCC
08/04/2006,16.83,16.92,16.37,16.62,"1,003,300",APCC
8/5/2006,nan,nan,nan,nan,nan,APCC
8/6/2006,nan,nan,nan,nan,nan,APCC
08/07/2006,16.57,16.78,16.47,16.59,"1,008,300",APCC
08/08/2006,16.48,16.9,16.47,16.58,"1,679,200",APCC
08/09/2006,16.56,16.93,16.39,16.39,"1,550,100",APCC
08/10/2006,16.43,16.85,16.35,16.7,"1,037,600",APCC
08/11/2006,16.7,16.77,16.47,16.61,"968,900",APCC
8/12/2006,nan,nan,nan,nan,nan,APCC
8/13/2006,nan,nan,nan,nan,nan,APCC
08/14/2006,16.65,16.98,16.53,16.67,"1,011,800",APCC
08/15/2006,16.9,17.01,16.6,16.96,"622,900",APCC
08/16/2006,17,17.74,16.93,17.66,"1,656,300",APCC
08/17/2006,17.67,17.9,17.42,17.82,"832,700",APCC
08/18/2006,17.86,17.86,17.39,17.61,"967,200",APCC
8/19/2006,nan,nan,nan,nan,nan,APCC
8/20/2006,nan,nan,nan,nan,nan,APCC
08/21/2006,17.49,17.55,17.23,17.28,"737,200",APCC
08/22/2006,17.26,17.43,17.01,17.16,"657,600",APCC
08/23/2006,17.2,17.34,16.75,16.87,"668,700",APCC
08/24/2006,16.87,17.04,16.69,16.82,"638,700",APCC
08/25/2006,16.78,17,16.59,16.94,"888,300",APCC
8/26/2006,nan,nan,nan,nan,nan,APCC
8/27/2006,nan,nan,nan,nan,nan,APCC
08/28/2006,16.86,17.17,16.77,17.08,"953,700",APCC
08/29/2006,17.03,17.18,16.8,17.1,"988,900",APCC
08/30/2006,17.23,17.42,16.9,17.32,"1,179,500",APCC
08/31/2006,17.26,17.61,17.15,17.57,"1,279,400",APCC
09/01/2006,17.6,17.75,17.4,17.56,"1,709,000",APCC
9/2/2006,nan,nan,nan,nan,nan,APCC
9/3/2006,nan,nan,nan,nan,nan,APCC
9/4/2006,nan,nan,nan,nan,nan,APCC
09/05/2006,17.49,17.83,17.41,17.71,"980,000",APCC
09/06/2006,17.55,17.55,17.11,17.23,"1,306,400",APCC
09/07/2006,17.21,17.29,16.83,16.98,"1,730,100",APCC
09/08/2006,16.92,17.02,16.73,16.96,"1,287,300",APCC
9/9/2006,nan,nan,nan,nan,nan,APCC
9/10/2006,nan,nan,nan,nan,nan,APCC
09/11/2006,16.76,18.36,16.76,18.21,"2,679,300",APCC
09/12/2006,18.16,19.32,17.89,19.2,"2,594,100",APCC
09/13/2006,19.25,19.62,19,19.5,"2,753,900",APCC
09/14/2006,18.94,20.36,18.86,20.21,"5,837,200",APCC
09/15/2006,20.67,21.55,20.08,20.69,"7,518,900",APCC
9/16/2006,nan,nan,nan,nan,nan,APCC
9/17/2006,nan,nan,nan,nan,nan,APCC
09/18/2006,20.74,20.97,20.3,20.73,"3,229,200",APCC
09/19/2006,20.92,21.05,20.42,20.97,"4,153,800",APCC
09/20/2006,21.2,21.74,21.03,21.46,"4,377,900",APCC
09/21/2006,21.59,21.72,21.21,21.3,"3,330,600",APCC
09/22/2006,21.4,21.6,20.99,21.4,"2,200,200",APCC
9/23/2006,nan,nan,nan,nan,nan,APCC
9/24/2006,nan,nan,nan,nan,nan,APCC
09/25/2006,21.45,21.45,20.25,20.89,"4,826,000",APCC
09/26/2006,20.95,21.38,20.75,21.3,"2,629,100",APCC
09/27/2006,21.2,21.81,21.2,21.65,"4,375,400",APCC
09/28/2006,21.79,22,21.76,21.86,"3,444,500",APCC
09/29/2006,22,22.69,21.89,21.96,"2,946,200",APCC
9/30/2006,nan,nan,nan,nan,nan,APCC
10/1/2006,nan,nan,nan,nan,nan,APCC
10/02/2006,22.01,22.2,21.25,21.6,"2,591,800",APCC
10/03/2006,21.56,21.75,21.21,21.35,"1,629,800",APCC
10/04/2006,21.25,21.96,21.23,21.71,"1,847,300",APCC
10/05/2006,21.91,22.2,21.67,22.05,"2,802,900",APCC
10/06/2006,22.15,22.15,21.73,21.79,"2,716,100",APCC
10/7/2006,nan,nan,nan,nan,nan,APCC
10/8/2006,nan,nan,nan,nan,nan,APCC
10/09/2006,21.85,21.97,21.56,21.86,"1,803,900",APCC
10/10/2006,21.81,21.98,21.62,21.93,"1,608,600",APCC
10/11/2006,21.9,22.95,21.61,22.77,"3,921,700",APCC
10/12/2006,23.04,23.17,22.57,23.01,"2,237,200",APCC
10/13/2006,22.91,23,22.62,22.97,"1,694,500",APCC
10/14/2006,nan,nan,nan,nan,nan,APCC
10/15/2006,nan,nan,nan,nan,nan,APCC
10/16/2006,22.85,23.01,22.68,23,"1,984,500",APCC
10/17/2006,22.94,23.04,22.64,22.76,"1,777,600",APCC
10/18/2006,23,23.13,22.68,22.77,"2,314,600",APCC
10/19/2006,22.59,23,22.46,22.87,"1,955,100",APCC
10/20/2006,22.47,22.9,22.05,22.26,"5,316,100",APCC
10/21/2006,nan,nan,nan,nan,nan,APCC
10/22/2006,nan,nan,nan,nan,nan,APCC
10/23/2006,22.31,23.55,22.2,23.32,"4,747,700",APCC
10/24/2006,23.41,23.59,22.81,23.26,"2,871,000",APCC
10/25/2006,23.34,23.59,23.13,23.59,"2,278,000",APCC
10/26/2006,23.6,23.78,23.4,23.67,"3,778,300",APCC
10/27/2006,23.6,23.78,23.43,23.76,"2,381,000",APCC
10/28/2006,nan,nan,nan,nan,nan,APCC
10/29/2006,nan,nan,nan,nan,nan,APCC
10/30/2006,29.89,30.15,29.73,30.02,"86,468,700",APCC
10/31/2006,29.97,30.3,29.97,30.23,"14,158,200",APCC
11/01/2006,30.2,30.3,30.15,30.19,"6,142,300",APCC
11/02/2006,30.17,30.27,30.15,30.21,"7,852,800",APCC
11/03/2006,30.24,30.24,30.1,30.15,"7,579,200",APCC
11/4/2006,nan,nan,nan,nan,nan,APCC
11/5/2006,nan,nan,nan,nan,nan,APCC
11/06/2006,30.13,30.25,30.1,30.22,"3,713,400",APCC
11/07/2006,30.17,30.25,30.16,30.25,"5,871,800",APCC
11/08/2006,30.2,30.39,30.2,30.32,"4,389,000",APCC
11/09/2006,30.28,30.35,30.25,30.3,"2,468,500",APCC
11/10/2006,30.29,30.39,30.27,30.38,"2,608,000",APCC
11/11/2006,nan,nan,nan,nan,nan,APCC
11/12/2006,nan,nan,nan,nan,nan,APCC
11/13/2006,30.3,30.4,30.3,30.33,"2,346,300",APCC
11/14/2006,30.31,30.48,30.31,30.4,"2,779,100",APCC
11/15/2006,30.36,30.4,30.35,30.36,"3,871,200",APCC
11/16/2006,30.36,30.5,30.35,30.5,"2,732,400",APCC
11/17/2006,30.38,30.5,30.37,30.5,"2,867,200",APCC
11/18/2006,nan,nan,nan,nan,nan,APCC
11/19/2006,nan,nan,nan,nan,nan,APCC
11/20/2006,30.38,30.5,30.36,30.36,"2,950,300",APCC
11/21/2006,30.36,30.49,30.35,30.47,"1,933,600",APCC
11/22/2006,30.41,30.49,30.37,30.45,"3,130,000",APCC
11/23/2006,nan,nan,nan,nan,nan,APCC
11/24/2006,30.37,30.44,30.36,30.37,"776,100",APCC
11/25/2006,nan,nan,nan,nan,nan,APCC
11/26/2006,nan,nan,nan,nan,nan,APCC
11/27/2006,30.38,30.45,30.34,30.36,"2,932,200",APCC
11/28/2006,30.39,30.43,30.35,30.35,"2,619,300",APCC
11/29/2006,30.37,30.4,30.36,30.39,"2,720,100",APCC
11/30/2006,30.38,30.45,30.35,30.35,"3,252,700",APCC
12/01/2006,30.36,30.46,30.35,30.37,"4,333,800",APCC
12/2/2006,nan,nan,nan,nan,nan,APCC
12/3/2006,nan,nan,nan,nan,nan,APCC
12/04/2006,30.42,30.69,30.39,30.42,"1,816,000",APCC
12/05/2006,30.52,30.59,30.46,30.48,"1,341,500",APCC
12/06/2006,30.48,30.54,30.41,30.45,"1,457,400",APCC
12/07/2006,30.46,30.5,30.41,30.42,"2,124,000",APCC
12/08/2006,30.43,30.47,30.4,30.45,"2,744,200",APCC
12/9/2006,nan,nan,nan,nan,nan,APCC
12/10/2006,nan,nan,nan,nan,nan,APCC
12/11/2006,30.44,30.5,30.4,30.4,"3,448,900",APCC
12/12/2006,30.42,30.67,30.41,30.63,"6,174,900",APCC
12/13/2006,30.62,30.63,30.59,30.61,"4,393,800",APCC
12/14/2006,30.62,30.67,30.61,30.66,"2,301,900",APCC
12/15/2006,30.67,30.67,30.55,30.57,"3,290,300",APCC
12/16/2006,nan,nan,nan,nan,nan,APCC
12/17/2006,nan,nan,nan,nan,nan,APCC
12/18/2006,30.59,30.65,30.46,30.57,"1,744,700",APCC
12/19/2006,30.53,30.6,30.52,30.59,"2,989,400",APCC
12/20/2006,30.53,30.63,30.51,30.53,"2,330,700",APCC
12/21/2006,30.62,30.62,30.55,30.56,"743,000",APCC
12/22/2006,30.54,30.6,30.54,30.59,"1,053,400",APCC
12/23/2006,nan,nan,nan,nan,nan,APCC
12/24/2006,nan,nan,nan,nan,nan,APCC
12/25/2006,nan,nan,nan,nan,nan,APCC
12/26/2006,30.6,30.75,30.55,30.58,"734,400",APCC
12/27/2006,30.8,30.85,30.56,30.57,"1,183,200",APCC
12/28/2006,30.61,30.67,30.52,30.56,"3,054,600",APCC
12/29/2006,30.57,30.64,30.55,30.59,"990,300",APCC
12/30/2006,nan,nan,nan,nan,nan,APCC
12/31/2006,nan,nan,nan,nan,nan,APCC
1/1/2007,nan,nan,nan,nan,nan,APCC
1/2/2007,nan,nan,nan,nan,nan,APCC
01/03/2007,30.6,30.65,30.57,30.62,"3,083,100",APCC
01/04/2007,30.65,30.65,30.6,30.62,"2,848,800",APCC
01/05/2007,30.65,30.67,30.58,30.63,"2,145,400",APCC
1/6/2007,nan,nan,nan,nan,nan,APCC
1/7/2007,nan,nan,nan,nan,nan,APCC
01/08/2007,30.61,30.66,30.61,30.64,"946,200",APCC
01/09/2007,30.67,30.94,30.64,30.71,"1,669,900",APCC
01/10/2007,30.7,30.76,30.69,30.73,"1,453,900",APCC
01/11/2007,30.76,30.77,30.69,30.75,"2,088,400",APCC
01/12/2007,30.71,30.77,30.7,30.7,"1,472,700",APCC
1/13/2007,nan,nan,nan,nan,nan,APCC
1/14/2007,nan,nan,nan,nan,nan,APCC
1/15/2007,nan,nan,nan,nan,nan,APCC
01/16/2007,30.73,30.8,30.69,30.69,"1,194,800",APCC
01/17/2007,30.73,30.84,30.69,30.71,"1,682,200",APCC
01/18/2007,30.77,30.82,30.73,30.77,"1,024,200",APCC
01/19/2007,30.72,30.75,30.68,30.72,"6,699,500",APCC
1/20/2007,nan,nan,nan,nan,nan,APCC
1/21/2007,nan,nan,nan,nan,nan,APCC
01/22/2007,30.72,30.74,30.65,30.65,"2,544,800",APCC
01/23/2007,30.69,30.73,30.68,30.71,"4,024,700",APCC
01/24/2007,30.71,30.76,30.71,30.73,"1,932,600",APCC
01/25/2007,30.73,30.75,30.71,30.73,"1,591,400",APCC
01/26/2007,30.73,30.77,30.7,30.7,"1,792,900",APCC
1/27/2007,nan,nan,nan,nan,nan,APCC
1/28/2007,nan,nan,nan,nan,nan,APCC
01/29/2007,30.73,30.77,30.7,30.76,"1,629,700",APCC
01/30/2007,30.73,30.77,30.72,30.74,"1,522,800",APCC
01/31/2007,30.79,30.8,30.74,30.74,"2,673,600",APCC
02/01/2007,30.76,30.81,30.75,30.76,"4,622,300",APCC
02/02/2007,30.76,30.78,30.73,30.76,"2,840,800",APCC
2/3/2007,nan,nan,nan,nan,nan,APCC
2/4/2007,nan,nan,nan,nan,nan,APCC
02/05/2007,30.76,30.82,30.76,30.76,"1,713,000",APCC
02/06/2007,30.78,30.91,30.76,30.83,"2,921,900",APCC
02/07/2007,30.82,30.89,30.82,30.89,"984,100",APCC
02/08/2007,30.9,30.98,30.85,30.94,"3,119,100",APCC
02/09/2007,30.95,30.95,30.91,30.92,"1,569,800",APCC
2/10/2007,nan,nan,nan,nan,nan,APCC
2/11/2007,nan,nan,nan,nan,nan,APCC
02/12/2007,30.94,30.95,30.9,30.93,"3,361,300",APCC
02/13/2007,30.93,30.95,30.89,30.91,"6,256,200",APCC
02/14/2007,30.94,31,30.93,30.98,"5,101,600",APCC
05/15/2002,37.86,38.83,37.6,37.95,"4,232,200",APOL
05/16/2002,38.15,38.25,37.5,37.55,"1,723,600",APOL
05/17/2002,37.65,38.1,37.05,37.67,"2,071,900",APOL
5/18/2002,nan,nan,nan,nan,nan,APOL
5/19/2002,nan,nan,nan,nan,nan,APOL
05/20/2002,37.96,37.99,36.71,36.75,"1,570,600",APOL
05/21/2002,36.98,37.15,35.8,36.65,"1,791,000",APOL
05/22/2002,36.4,36.64,34.8,35.49,"2,049,400",APOL
05/23/2002,35.64,35.92,34.93,35.74,"1,789,200",APOL
05/24/2002,35.46,35.78,35.06,35.35,"928,700",APOL
5/25/2002,nan,nan,nan,nan,nan,APOL
5/26/2002,nan,nan,nan,nan,nan,APOL
5/27/2002,nan,nan,nan,nan,nan,APOL
05/28/2002,35.61,36,34.79,35.57,"1,484,100",APOL
05/29/2002,35.77,35.96,35,35.51,"1,430,900",APOL
05/30/2002,35.13,35.33,34.12,34.63,"3,217,200",APOL
05/31/2002,34.56,35.12,33.82,34.48,"3,303,800",APOL
6/1/2002,nan,nan,nan,nan,nan,APOL
6/2/2002,nan,nan,nan,nan,nan,APOL
06/03/2002,34.28,35.05,33.99,34.1,"1,386,600",APOL
06/04/2002,34.35,34.55,33.5,34.24,"1,890,800",APOL
06/05/2002,34.25,34.62,33.75,34.45,"1,118,500",APOL
06/06/2002,34.35,34.95,33.9,34.4,"1,401,700",APOL
06/07/2002,34.5,35.6,34.5,34.81,"1,184,600",APOL
6/8/2002,nan,nan,nan,nan,nan,APOL
6/9/2002,nan,nan,nan,nan,nan,APOL
06/10/2002,35.1,35.5,34.58,34.82,"1,252,900",APOL
06/11/2002,35.45,36.53,35.4,36,"1,874,600",APOL
06/12/2002,36.19,36.8,35.02,35.52,"2,563,500",APOL
06/13/2002,35.51,35.75,35.07,35.21,"1,402,600",APOL
06/14/2002,35.05,35.47,34,35.22,"1,887,400",APOL
6/15/2002,nan,nan,nan,nan,nan,APOL
6/16/2002,nan,nan,nan,nan,nan,APOL
06/17/2002,36.19,36.46,35.54,36.17,"1,483,800",APOL
06/18/2002,36.08,36.69,34.87,35.95,"1,330,900",APOL
06/19/2002,36.39,36.75,35.77,35.8,"917,100",APOL
06/20/2002,35.7,36.76,35.65,36.24,"1,526,100",APOL
06/21/2002,36.4,37.42,35.9,37.1,"2,009,200",APOL
6/22/2002,nan,nan,nan,nan,nan,APOL
6/23/2002,nan,nan,nan,nan,nan,APOL
06/24/2002,37.1,37.67,36.45,36.96,"2,369,900",APOL
06/25/2002,38.02,39.1,37.95,37.95,"2,586,900",APOL
06/26/2002,37.75,38.67,37.48,38.62,"2,209,000",APOL
06/27/2002,39.54,39.72,38.99,39.64,"3,105,500",APOL
06/28/2002,39.74,39.98,38.75,39.42,"2,668,400",APOL
6/29/2002,nan,nan,nan,nan,nan,APOL
6/30/2002,nan,nan,nan,nan,nan,APOL
07/01/2002,39.3,39.93,38.9,39.05,"3,788,900",APOL
07/02/2002,39.26,39.36,38.01,38.19,"2,130,100",APOL
07/03/2002,38.61,39.17,37.28,38.38,"1,898,500",APOL
7/4/2002,nan,nan,nan,nan,nan,APOL
07/05/2002,38.45,39.28,38.45,39.11,"869,900",APOL
7/6/2002,nan,nan,nan,nan,nan,APOL
7/7/2002,nan,nan,nan,nan,nan,APOL
07/08/2002,39,39.28,38.35,38.45,"2,159,200",APOL
07/09/2002,38.5,39.05,38.06,38.24,"1,927,200",APOL
07/10/2002,38.35,39.02,38.18,38.31,"2,448,300",APOL
07/11/2002,38.5,39.16,37.35,37.89,"3,335,000",APOL
07/12/2002,38.05,38.1,37.1,37.46,"2,052,700",APOL
7/13/2002,nan,nan,nan,nan,nan,APOL
7/14/2002,nan,nan,nan,nan,nan,APOL
07/15/2002,37.59,37.8,35.6,37.4,"2,532,200",APOL
07/16/2002,37.16,37.25,35.15,35.47,"3,026,000",APOL
07/17/2002,35.94,36.29,33.66,35.07,"3,218,100",APOL
07/18/2002,35.25,35.58,34.15,34.55,"1,586,100",APOL
07/19/2002,33.9,34.44,32.76,32.8,"2,200,400",APOL
7/20/2002,nan,nan,nan,nan,nan,APOL
7/21/2002,nan,nan,nan,nan,nan,APOL
07/22/2002,32.3,33.15,30.6,32.11,"2,760,000",APOL
07/23/2002,32.35,34.7,32.35,33.68,"3,599,800",APOL
07/24/2002,33.78,36.95,32.09,36.71,"4,280,200",APOL
07/25/2002,36.72,36.72,34.78,35.75,"2,843,500",APOL
07/26/2002,35.7,36.8,35.35,36.68,"1,849,500",APOL
7/27/2002,nan,nan,nan,nan,nan,APOL
7/28/2002,nan,nan,nan,nan,nan,APOL
07/29/2002,37.3,39.2,37.05,39.14,"4,151,500",APOL
07/30/2002,38.8,39.6,37.68,39.3,"2,648,500",APOL
07/31/2002,39.3,39.36,38.21,39.25,"2,163,900",APOL
08/01/2002,39.3,39.47,38.24,38.24,"1,747,000",APOL
08/02/2002,38.37,39.05,35.79,36.45,"1,884,700",APOL
8/3/2002,nan,nan,nan,nan,nan,APOL
8/4/2002,nan,nan,nan,nan,nan,APOL
08/05/2002,36.33,37.41,35.15,35.16,"2,349,200",APOL
08/06/2002,35.5,37.83,35.5,37.13,"2,134,400",APOL
08/07/2002,37.86,38.75,37.17,38.38,"2,081,300",APOL
08/08/2002,38.4,39.09,37.37,38.82,"1,900,300",APOL
08/09/2002,38.87,39.1,37.74,38.4,"2,045,900",APOL
8/10/2002,nan,nan,nan,nan,nan,APOL
8/11/2002,nan,nan,nan,nan,nan,APOL
08/12/2002,38.34,39.03,37.62,38.85,"1,159,900",APOL
08/13/2002,38.59,38.84,36.89,36.91,"1,918,600",APOL
08/14/2002,37.13,39.19,36.55,39.07,"1,950,800",APOL
08/15/2002,38.61,41.54,38.61,41.19,"5,113,300",APOL
08/16/2002,41.07,43.27,40.75,42.17,"3,825,300",APOL
8/17/2002,nan,nan,nan,nan,nan,APOL
8/18/2002,nan,nan,nan,nan,nan,APOL
08/19/2002,43.05,43.15,40.95,42.04,"2,890,100",APOL
08/20/2002,42.01,42.02,40.82,41.13,"2,123,000",APOL
08/21/2002,42.11,42.11,40.45,41.08,"1,960,300",APOL
08/22/2002,41.1,41.4,40.15,41,"2,238,800",APOL
08/23/2002,40.95,41.6,40.09,40.34,"1,669,800",APOL
8/24/2002,nan,nan,nan,nan,nan,APOL
8/25/2002,nan,nan,nan,nan,nan,APOL
08/26/2002,40.88,40.95,39.54,40.49,"1,605,900",APOL
08/27/2002,40.49,40.49,38.52,38.73,"2,576,900",APOL
08/28/2002,38.88,40.03,38.05,38.42,"2,339,400",APOL
08/29/2002,38.61,42.28,38.6,42.18,"4,005,800",APOL
08/30/2002,41.83,43.04,41.75,41.83,"2,328,000",APOL
8/31/2002,nan,nan,nan,nan,nan,APOL
9/1/2002,nan,nan,nan,nan,nan,APOL
9/2/2002,nan,nan,nan,nan,nan,APOL
09/03/2002,41.55,41.63,40.2,40.43,"2,109,400",APOL
09/04/2002,40.1,42.21,40.09,41.85,"2,910,000",APOL
09/05/2002,41.56,41.76,40.2,40.59,"2,238,100",APOL
09/06/2002,40.85,41.96,40.85,41.7,"1,728,800",APOL
9/7/2002,nan,nan,nan,nan,nan,APOL
9/8/2002,nan,nan,nan,nan,nan,APOL
09/09/2002,41.6,43.1,40.8,42.78,"1,872,600",APOL
09/10/2002,43.4,43.85,42.51,43.4,"2,376,200",APOL
09/11/2002,43.85,44,42.75,42.78,"1,387,900",APOL
09/12/2002,42.65,42.76,41.66,41.81,"1,774,100",APOL
09/13/2002,41.6,42.7,41.2,42.7,"1,730,100",APOL
9/14/2002,nan,nan,nan,nan,nan,APOL
9/15/2002,nan,nan,nan,nan,nan,APOL
09/16/2002,42.72,43.05,41.66,42.11,"1,188,500",APOL
09/17/2002,42.71,43.14,42.05,42.05,"1,550,300",APOL
09/18/2002,41.59,43.41,41.59,42.8,"1,404,600",APOL
09/19/2002,42.43,43.24,42.26,42.5,"1,572,500",APOL
09/20/2002,42.88,42.88,41.79,42.49,"2,699,100",APOL
9/21/2002,nan,nan,nan,nan,nan,APOL
9/22/2002,nan,nan,nan,nan,nan,APOL
09/23/2002,42.7,43.26,42.07,42.87,"1,616,200",APOL
09/24/2002,42.65,43.5,42.05,42.23,"2,079,800",APOL
09/25/2002,42.51,43.96,42.3,43.48,"2,279,400",APOL
09/26/2002,43.8,44.72,43.59,43.99,"2,690,000",APOL
09/27/2002,43.88,45.05,43.6,43.63,"1,995,000",APOL
9/28/2002,nan,nan,nan,nan,nan,APOL
9/29/2002,nan,nan,nan,nan,nan,APOL
09/30/2002,43.64,44.3,42.77,43.43,"2,072,100",APOL
10/01/2002,43.57,45.37,43.3,45.25,"2,140,000",APOL
10/02/2002,44.85,45,43,43.29,"2,901,300",APOL
10/03/2002,43.26,43.83,42.7,42.78,"1,939,900",APOL
10/04/2002,41.33,41.97,40.5,40.55,"4,989,600",APOL
10/5/2002,nan,nan,nan,nan,nan,APOL
10/6/2002,nan,nan,nan,nan,nan,APOL
10/07/2002,39.98,41.71,39.96,40.18,"2,872,100",APOL
10/08/2002,42.44,44,41.5,43.94,"5,974,700",APOL
10/09/2002,43.75,44.44,43.15,43.31,"3,515,800",APOL
10/10/2002,43.42,44.13,42.35,43.32,"2,543,400",APOL
10/11/2002,43.53,43.53,42.38,43.03,"3,639,000",APOL
10/12/2002,nan,nan,nan,nan,nan,APOL
10/13/2002,nan,nan,nan,nan,nan,APOL
10/14/2002,42.85,44.65,42.56,44.43,"2,780,700",APOL
10/15/2002,45.8,45.88,44.6,45.05,"3,152,200",APOL
10/16/2002,44.32,45.45,44.32,45.25,"2,012,200",APOL
10/17/2002,46.06,46.15,43.88,44.13,"2,787,700",APOL
10/18/2002,43.94,44.04,42.81,43.41,"2,954,800",APOL
10/19/2002,nan,nan,nan,nan,nan,APOL
10/20/2002,nan,nan,nan,nan,nan,APOL
10/21/2002,43.23,45.85,43.2,45.65,"2,084,400",APOL
10/22/2002,42.21,42.99,40.25,41.92,"6,556,100",APOL
10/23/2002,41.81,42.73,41.15,42.73,"2,826,200",APOL
10/24/2002,42.75,43.41,40.55,40.94,"2,497,300",APOL
10/25/2002,40.95,43.11,40.94,43.09,"2,864,500",APOL
10/26/2002,nan,nan,nan,nan,nan,APOL
10/27/2002,nan,nan,nan,nan,nan,APOL
10/28/2002,43.68,43.69,40.62,41.12,"2,237,600",APOL
10/29/2002,40.87,41.99,40.36,41.86,"2,021,300",APOL
10/30/2002,42.55,44.49,42.54,43.02,"2,955,100",APOL
10/31/2002,43.36,43.49,41,41.5,"2,516,200",APOL
11/01/2002,41.5,42.29,41.09,42.22,"2,132,900",APOL
11/2/2002,nan,nan,nan,nan,nan,APOL
11/3/2002,nan,nan,nan,nan,nan,APOL
11/04/2002,42.45,42.8,37.25,38.11,"5,283,300",APOL
11/05/2002,38.29,40.87,37.89,40.82,"5,269,600",APOL
11/06/2002,41.35,41.65,40.31,41.44,"2,480,100",APOL
11/07/2002,41.09,41.79,40.25,41.51,"1,777,500",APOL
11/08/2002,41.42,42.24,41.25,41.78,"1,910,000",APOL
11/9/2002,nan,nan,nan,nan,nan,APOL
11/10/2002,nan,nan,nan,nan,nan,APOL
11/11/2002,41.83,42.33,40.37,40.58,"1,567,300",APOL
11/12/2002,40.76,41.7,40.5,40.92,"1,344,300",APOL
11/13/2002,40.89,42.25,39.73,41.01,"2,346,600",APOL
11/14/2002,41.47,42.47,41.35,42.43,"1,556,400",APOL
11/15/2002,42.3,42.57,41.87,42.4,"1,554,800",APOL
11/16/2002,nan,nan,nan,nan,nan,APOL
11/17/2002,nan,nan,nan,nan,nan,APOL
11/18/2002,42.54,42.93,41.25,41.43,"1,376,300",APOL
11/19/2002,41.41,42.25,41.05,41.61,"1,521,700",APOL
11/20/2002,41.73,43,41.73,42.63,"1,616,900",APOL
11/21/2002,42.7,43.88,42.2,43.53,"2,062,800",APOL
11/22/2002,43.4,44.11,42.77,43.8,"1,426,000",APOL
11/23/2002,nan,nan,nan,nan,nan,APOL
11/24/2002,nan,nan,nan,nan,nan,APOL
11/25/2002,43.78,44.36,42.96,43.69,"1,603,000",APOL
11/26/2002,43.6,43.66,41.31,41.39,"2,511,000",APOL
11/27/2002,41.65,42.98,41.5,42.35,"1,616,600",APOL
11/28/2002,nan,nan,nan,nan,nan,APOL
11/29/2002,42.43,42.61,41.22,41.25,"581,700",APOL
11/30/2002,nan,nan,nan,nan,nan,APOL
12/1/2002,nan,nan,nan,nan,nan,APOL
12/02/2002,41.8,42.37,40.71,41.3,"1,820,800",APOL
12/03/2002,41.3,41.34,39.8,40.5,"2,024,500",APOL
12/04/2002,40.55,41.92,39.91,41.83,"2,058,700",APOL
12/05/2002,42.03,42.24,40.95,41.53,"1,462,500",APOL
12/06/2002,41.34,42.43,41.1,42.08,"1,250,800",APOL
12/7/2002,nan,nan,nan,nan,nan,APOL
12/8/2002,nan,nan,nan,nan,nan,APOL
12/09/2002,42.09,42.13,41.05,41.26,"1,432,600",APOL
12/10/2002,41.85,42.41,41.17,41.21,"1,550,700",APOL
12/11/2002,41.05,41.25,40.64,40.83,"1,917,600",APOL
12/12/2002,40.9,41.3,40.46,41.04,"1,423,400",APOL
12/13/2002,40.85,41,39.97,40.1,"1,417,300",APOL
12/14/2002,nan,nan,nan,nan,nan,APOL
12/15/2002,nan,nan,nan,nan,nan,APOL
12/16/2002,40.25,41.94,40.15,41.89,"1,832,900",APOL
12/17/2002,41.86,41.86,40.42,40.84,"2,482,700",APOL
12/18/2002,42.2,43.89,41.89,43.58,"6,181,200",APOL
12/19/2002,43.6,45.28,43.18,44.5,"3,718,800",APOL
12/20/2002,45.15,45.5,44,45.25,"3,777,000",APOL
12/21/2002,nan,nan,nan,nan,nan,APOL
12/22/2002,nan,nan,nan,nan,nan,APOL
12/23/2002,45.1,45.15,44.37,44.5,"2,482,300",APOL
12/24/2002,44.12,44.95,44.1,44.27,"1,376,300",APOL
12/25/2002,nan,nan,nan,nan,nan,APOL
12/26/2002,44.39,45.46,44.38,44.68,"1,820,700",APOL
12/27/2002,44.73,44.88,44.23,44.25,"816,700",APOL
12/28/2002,nan,nan,nan,nan,nan,APOL
12/29/2002,nan,nan,nan,nan,nan,APOL
12/30/2002,44.25,44.93,43.71,44.74,"1,247,000",APOL
12/31/2002,44.95,45.01,43.92,44,"1,090,800",APOL
1/1/2003,nan,nan,nan,nan,nan,APOL
01/02/2003,44.28,45.35,43.99,45.26,"3,401,100",APOL
01/03/2003,45.25,45.83,45,45.77,"1,618,700",APOL
1/4/2003,nan,nan,nan,nan,nan,APOL
1/5/2003,nan,nan,nan,nan,nan,APOL
01/06/2003,45.81,46.47,45.53,45.9,"2,587,900",APOL
01/07/2003,45.66,45.95,44.51,44.68,"2,009,300",APOL
01/08/2003,44.6,45.02,43.5,43.63,"1,968,200",APOL
01/09/2003,44.01,44.38,43.65,43.9,"1,345,600",APOL
01/10/2003,43.68,44.51,43.38,44.43,"1,563,300",APOL
1/11/2003,nan,nan,nan,nan,nan,APOL
1/12/2003,nan,nan,nan,nan,nan,APOL
01/13/2003,44.53,44.71,43.23,43.54,"1,737,600",APOL
01/14/2003,43.34,43.85,42.87,43.23,"1,243,200",APOL
01/15/2003,43.22,43.6,42.61,43.24,"1,650,800",APOL
01/16/2003,43.55,44.22,43.25,43.56,"1,501,700",APOL
01/17/2003,43.47,43.94,42.87,42.87,"1,434,100",APOL
1/18/2003,nan,nan,nan,nan,nan,APOL
1/19/2003,nan,nan,nan,nan,nan,APOL
1/20/2003,nan,nan,nan,nan,nan,APOL
01/21/2003,42.86,43.45,41.55,41.64,"1,861,300",APOL
01/22/2003,41.58,42.16,41.12,41.52,"1,853,800",APOL
01/23/2003,41.69,42.49,41.52,42.26,"1,333,000",APOL
01/24/2003,42.01,42.25,40.72,41.25,"1,588,500",APOL
1/25/2003,nan,nan,nan,nan,nan,APOL
1/26/2003,nan,nan,nan,nan,nan,APOL
01/27/2003,40.89,42,40.75,41.64,"1,489,300",APOL
01/28/2003,41.74,42.09,41.43,41.97,"1,002,500",APOL
01/29/2003,42.91,44.25,42.12,44.08,"3,525,700",APOL
01/30/2003,43.6,44.47,43.14,44.09,"2,540,200",APOL
01/31/2003,43.83,44.96,43.57,44.46,"1,989,700",APOL
2/1/2003,nan,nan,nan,nan,nan,APOL
2/2/2003,nan,nan,nan,nan,nan,APOL
02/03/2003,44.52,45.27,44.3,44.9,"2,009,900",APOL
02/04/2003,44.72,45.31,44.15,45.29,"2,051,900",APOL
02/05/2003,45.5,45.5,44.05,44.05,"2,006,600",APOL
02/06/2003,43.83,44.45,43.04,44.21,"2,605,000",APOL
02/07/2003,44.3,44.59,43.05,43.48,"1,349,200",APOL
2/8/2003,nan,nan,nan,nan,nan,APOL
2/9/2003,nan,nan,nan,nan,nan,APOL
02/10/2003,43.55,44.35,43,44.24,"1,611,700",APOL
02/11/2003,43.93,44.91,43.43,44.66,"2,122,500",APOL
02/12/2003,44.56,44.79,44.01,44.12,"1,282,400",APOL
02/13/2003,44.11,44.57,43.57,44.29,"1,394,900",APOL
02/14/2003,44.43,44.76,43.63,44.73,"1,543,500",APOL
2/15/2003,nan,nan,nan,nan,nan,APOL
2/16/2003,nan,nan,nan,nan,nan,APOL
2/17/2003,nan,nan,nan,nan,nan,APOL
02/18/2003,44.73,45.74,44.44,45.69,"1,647,300",APOL
02/19/2003,45.02,45.5,44.13,44.51,"1,451,500",APOL
02/20/2003,44.14,44.86,44.13,44.37,"876,900",APOL
02/21/2003,44.48,45.37,43.73,45.24,"1,642,400",APOL
2/22/2003,nan,nan,nan,nan,nan,APOL
2/23/2003,nan,nan,nan,nan,nan,APOL
02/24/2003,45.34,45.63,44.66,44.67,"1,039,600",APOL
02/25/2003,44.56,45.03,44,44.88,"1,472,900",APOL
02/26/2003,44.72,44.84,44.06,44.08,"1,156,800",APOL
02/27/2003,44.09,45.47,44.03,45.47,"1,608,400",APOL
02/28/2003,45.6,46.36,45.1,46.34,"2,084,500",APOL
3/1/2003,nan,nan,nan,nan,nan,APOL
3/2/2003,nan,nan,nan,nan,nan,APOL
03/03/2003,46.73,46.79,45.26,45.45,"1,356,400",APOL
03/04/2003,45.45,45.84,45.02,45.29,"1,410,800",APOL
03/05/2003,45.39,45.85,44.93,45.68,"1,220,900",APOL
03/06/2003,45.74,46.02,45.26,45.78,"1,429,000",APOL
03/07/2003,45.51,46.5,44.89,46.39,"2,711,000",APOL
3/8/2003,nan,nan,nan,nan,nan,APOL
3/9/2003,nan,nan,nan,nan,nan,APOL
03/10/2003,46.21,46.58,45.76,45.92,"1,190,000",APOL
03/11/2003,45.94,46.63,45.93,46.13,"1,354,900",APOL
03/12/2003,45.92,46.49,45.66,46.34,"1,475,300",APOL
03/13/2003,46.58,48.11,46.35,48.01,"2,633,200",APOL
03/14/2003,48.25,48.45,47.42,47.84,"2,149,900",APOL
3/15/2003,nan,nan,nan,nan,nan,APOL
3/16/2003,nan,nan,nan,nan,nan,APOL
03/17/2003,48.05,49.25,47.62,48.89,"2,714,400",APOL
03/18/2003,48.84,49,47.38,48.34,"2,601,400",APOL
03/19/2003,48.36,49.5,48.33,49.45,"2,132,200",APOL
03/20/2003,49.4,50.2,48.63,50.05,"1,915,400",APOL
03/21/2003,50.85,50.93,50.02,50.78,"2,953,700",APOL
3/22/2003,nan,nan,nan,nan,nan,APOL
3/23/2003,nan,nan,nan,nan,nan,APOL
03/24/2003,50.4,50.4,48.25,48.26,"2,767,000",APOL
03/25/2003,47.88,49.99,47.26,49.93,"4,769,800",APOL
03/26/2003,49.87,51.23,49.49,50.97,"2,394,700",APOL
03/27/2003,49.88,52.5,49.7,51.97,"2,752,800",APOL
03/28/2003,51.66,51.75,49.95,50.01,"2,774,300",APOL
3/29/2003,nan,nan,nan,nan,nan,APOL
3/30/2003,nan,nan,nan,nan,nan,APOL
03/31/2003,49.4,50.42,49.18,49.9,"1,962,300",APOL
04/01/2003,50.15,51.58,49.72,51.32,"2,588,700",APOL
04/02/2003,51.73,52.28,51.04,51.4,"1,982,400",APOL
04/03/2003,51.64,51.67,50.24,50.52,"1,697,800",APOL
04/04/2003,50.67,51.04,49.65,49.8,"1,384,400",APOL
4/5/2003,nan,nan,nan,nan,nan,APOL
4/6/2003,nan,nan,nan,nan,nan,APOL
04/07/2003,51.18,51.59,50.14,50.18,"1,682,500",APOL
04/08/2003,50.28,51.2,50.22,50.72,"1,494,600",APOL
04/09/2003,50.77,51.68,50.63,50.98,"2,033,000",APOL
04/10/2003,51.07,51.81,50.94,51.62,"1,607,500",APOL
04/11/2003,51.76,51.97,51.22,51.52,"1,084,700",APOL
4/12/2003,nan,nan,nan,nan,nan,APOL
4/13/2003,nan,nan,nan,nan,nan,APOL
04/14/2003,51.59,53.18,51.4,53.04,"1,992,400",APOL
04/15/2003,52.84,53.75,52.57,53.35,"1,757,300",APOL
04/16/2003,53.66,54.01,50.99,51.44,"2,280,100",APOL
04/17/2003,51.24,53.82,51.11,53.75,"2,510,900",APOL
4/18/2003,nan,nan,nan,nan,nan,APOL
4/19/2003,nan,nan,nan,nan,nan,APOL
4/20/2003,nan,nan,nan,nan,nan,APOL
04/21/2003,53.87,53.9,52.69,52.97,"1,763,500",APOL
04/22/2003,53.25,53.93,52.83,53.7,"1,866,500",APOL
04/23/2003,54.15,56.06,53.95,55.65,"2,867,100",APOL
04/24/2003,54.5,55.35,52.96,53.74,"2,638,800",APOL
04/25/2003,53.76,53.81,52.25,52.39,"1,824,000",APOL
4/26/2003,nan,nan,nan,nan,nan,APOL
4/27/2003,nan,nan,nan,nan,nan,APOL
04/28/2003,52.7,54.84,52.69,54.7,"1,708,700",APOL
04/29/2003,54.55,55.03,53.41,54.88,"1,870,400",APOL
04/30/2003,55.62,55.62,54.12,54.14,"2,864,300",APOL
05/01/2003,55.11,55.11,53.79,54.6,"1,655,300",APOL
05/02/2003,54.85,56.52,54.38,56.48,"1,903,800",APOL
5/3/2003,nan,nan,nan,nan,nan,APOL
5/4/2003,nan,nan,nan,nan,nan,APOL
05/05/2003,56.53,57.2,55.83,55.86,"1,773,300",APOL
05/06/2003,55.87,57.1,55.8,56.66,"1,588,700",APOL
05/07/2003,57.1,57.42,55.54,56.01,"1,729,500",APOL
05/08/2003,55.99,56.02,55.12,55.43,"1,207,900",APOL
05/09/2003,55.81,56.62,55.51,56.46,"1,185,700",APOL
5/10/2003,nan,nan,nan,nan,nan,APOL
5/11/2003,nan,nan,nan,nan,nan,APOL
05/12/2003,56.55,57.9,56,57.17,"1,624,300",APOL
05/13/2003,56.2,56.53,55.52,56.11,"2,666,400",APOL
05/14/2003,56.12,56.39,55.8,55.97,"1,334,100",APOL
05/15/2003,56.25,57.23,56.2,57.08,"1,832,200",APOL
05/16/2003,56.95,57,54.2,55.32,"2,489,600",APOL
5/17/2003,nan,nan,nan,nan,nan,APOL
5/18/2003,nan,nan,nan,nan,nan,APOL
05/19/2003,54.89,55,53.26,53.35,"2,274,700",APOL
05/20/2003,53.75,53.85,52.71,53.24,"1,541,100",APOL
05/21/2003,53.21,54.34,53.17,54.12,"1,635,200",APOL
05/22/2003,54.1,54.34,53.19,53.29,"2,228,400",APOL
05/23/2003,53.1,53.12,52.16,52.4,"2,338,000",APOL
5/24/2003,nan,nan,nan,nan,nan,APOL
5/25/2003,nan,nan,nan,nan,nan,APOL
5/26/2003,nan,nan,nan,nan,nan,APOL
05/27/2003,52.23,55.16,51.73,54.95,"3,272,500",APOL
05/28/2003,55.75,56.52,54.88,55.54,"2,099,400",APOL
05/29/2003,55.32,56.79,55.29,56.09,"1,675,600",APOL
05/30/2003,56.1,58.42,55.67,57.84,"3,030,000",APOL
5/31/2003,nan,nan,nan,nan,nan,APOL
6/1/2003,nan,nan,nan,nan,nan,APOL
06/02/2003,58.75,58.9,57.45,58,"2,567,200",APOL
06/03/2003,57.83,58.8,57.78,58.76,"1,790,100",APOL
06/04/2003,58.65,60.15,58.34,60,"2,052,400",APOL
06/05/2003,59.47,60.63,59.35,59.88,"2,515,000",APOL
06/06/2003,60.06,60.74,58.35,58.79,"2,419,500",APOL
6/7/2003,nan,nan,nan,nan,nan,APOL
6/8/2003,nan,nan,nan,nan,nan,APOL
06/09/2003,58.63,59.14,58.01,58.29,"1,850,300",APOL
06/10/2003,58.07,59.09,57.98,59.09,"1,261,000",APOL
06/11/2003,59.25,60.52,59.02,60.46,"1,798,000",APOL
06/12/2003,60.46,60.5,59.01,59.78,"1,294,400",APOL
06/13/2003,60.36,60.55,59.22,60.34,"1,393,500",APOL
6/14/2003,nan,nan,nan,nan,nan,APOL
6/15/2003,nan,nan,nan,nan,nan,APOL
06/16/2003,60.66,63.28,60.41,63.25,"2,790,800",APOL
06/17/2003,63.29,63.35,61.5,62.05,"2,059,800",APOL
06/18/2003,62.1,63.02,61.05,62.92,"2,246,000",APOL
06/19/2003,62.7,62.89,60.7,60.96,"1,542,100",APOL
06/20/2003,60.18,61.75,60.18,61.06,"1,720,500",APOL
6/21/2003,nan,nan,nan,nan,nan,APOL
6/22/2003,nan,nan,nan,nan,nan,APOL
06/23/2003,59.09,61.07,57,60.42,"6,652,800",APOL
06/24/2003,60.99,63.66,60.84,63.19,"4,978,400",APOL
06/25/2003,62.57,64.19,62.37,63.06,"2,635,600",APOL
06/26/2003,63.29,63.33,61.89,62.46,"2,993,500",APOL
06/27/2003,62.41,62.6,61.67,61.74,"1,978,100",APOL
6/28/2003,nan,nan,nan,nan,nan,APOL
6/29/2003,nan,nan,nan,nan,nan,APOL
06/30/2003,61.76,62.92,61.6,61.8,"2,883,000",APOL
07/01/2003,62.3,64.01,61.2,63.45,"2,488,300",APOL
07/02/2003,63.53,65.43,63.25,65.24,"2,004,700",APOL
07/03/2003,64.25,65.78,64.19,65.02,"1,520,600",APOL
7/4/2003,nan,nan,nan,nan,nan,APOL
7/5/2003,nan,nan,nan,nan,nan,APOL
7/6/2003,nan,nan,nan,nan,nan,APOL
07/07/2003,65.5,65.65,64.47,64.68,"1,369,900",APOL
07/08/2003,64.69,66.13,64.22,65.67,"1,580,800",APOL
07/09/2003,66.1,66.1,64.76,65,"1,231,600",APOL
07/10/2003,64.55,65.29,63.66,65,"1,418,100",APOL
07/11/2003,64.7,65.76,64.48,65.56,"1,157,500",APOL
7/12/2003,nan,nan,nan,nan,nan,APOL
7/13/2003,nan,nan,nan,nan,nan,APOL
07/14/2003,66.17,67.3,64.75,65.16,"1,457,300",APOL
07/15/2003,65.17,65.75,64.5,65.36,"1,559,700",APOL
07/16/2003,65.45,65.46,63.62,64.17,"1,478,300",APOL
07/17/2003,64.23,64.92,62.18,62.67,"1,903,300",APOL
07/18/2003,63.21,64.69,62.07,64.15,"1,377,500",APOL
7/19/2003,nan,nan,nan,nan,nan,APOL
7/20/2003,nan,nan,nan,nan,nan,APOL
07/21/2003,62.86,64.13,61.51,61.98,"2,203,600",APOL
07/22/2003,61.14,61.14,60.14,60.66,"3,684,500",APOL
07/23/2003,62.38,64.56,62.11,64.07,"3,127,600",APOL
07/24/2003,64.64,65.81,63.35,64.05,"2,036,400",APOL
07/25/2003,64.01,64.54,62.35,63.99,"2,240,400",APOL
7/26/2003,nan,nan,nan,nan,nan,APOL
7/27/2003,nan,nan,nan,nan,nan,APOL
07/28/2003,64.3,65.53,63.85,64.79,"1,368,100",APOL
07/29/2003,65.08,66.19,64.16,65.69,"2,022,000",APOL
07/30/2003,65.67,65.72,64.57,64.95,"1,095,500",APOL
07/31/2003,65.1,66.47,62.75,64.97,"1,891,100",APOL
08/01/2003,64.83,65.27,63.5,64.61,"1,607,800",APOL
8/2/2003,nan,nan,nan,nan,nan,APOL
8/3/2003,nan,nan,nan,nan,nan,APOL
08/04/2003,65.12,65.3,62.61,64.13,"1,619,200",APOL
08/05/2003,63.93,64.18,62.54,63.02,"1,446,000",APOL
08/06/2003,62.97,62.97,61.57,61.94,"1,450,700",APOL
08/07/2003,61.93,62.64,60.91,62.35,"1,507,400",APOL
08/08/2003,62.64,63.43,61.62,62.08,"1,006,200",APOL
8/9/2003,nan,nan,nan,nan,nan,APOL
8/10/2003,nan,nan,nan,nan,nan,APOL
08/11/2003,62.18,63.11,61.78,62.41,"1,176,000",APOL
08/12/2003,62.39,62.66,61.51,62.45,"1,181,200",APOL
08/13/2003,62.62,62.9,61.08,61.79,"1,050,100",APOL
08/14/2003,62.04,63.61,61.43,63.19,"1,135,400",APOL
08/15/2003,63.47,63.47,61.08,62.84,"480,800",APOL
8/16/2003,nan,nan,nan,nan,nan,APOL
8/17/2003,nan,nan,nan,nan,nan,APOL
08/18/2003,62.89,65.6,62.87,65.53,"1,613,100",APOL
08/19/2003,65.49,66.3,65.11,66.09,"1,764,400",APOL
08/20/2003,66,66.04,64.8,65.49,"1,251,700",APOL
08/21/2003,65.53,67.28,65.51,65.74,"1,257,300",APOL
08/22/2003,66.39,66.45,63.66,63.81,"1,471,300",APOL
8/23/2003,nan,nan,nan,nan,nan,APOL
8/24/2003,nan,nan,nan,nan,nan,APOL
08/25/2003,62.69,63.12,61.99,62.33,"1,796,900",APOL
08/26/2003,62.04,62.17,60.96,61.83,"2,668,500",APOL
08/27/2003,60.73,60.9,58.63,60.52,"5,910,300",APOL
08/28/2003,61.62,63.86,61.35,63.64,"4,301,200",APOL
08/29/2003,63.36,64.55,61.97,64.07,"1,465,500",APOL
8/30/2003,nan,nan,nan,nan,nan,APOL
8/31/2003,nan,nan,nan,nan,nan,APOL
9/1/2003,nan,nan,nan,nan,nan,APOL
09/02/2003,64.31,64.91,63.22,64.44,"1,853,200",APOL
09/03/2003,64.96,65.25,63.67,63.74,"1,949,500",APOL
09/04/2003,63.68,64.54,63.28,64.19,"1,662,400",APOL
09/05/2003,63.97,64.1,62.36,62.37,"1,927,700",APOL
9/6/2003,nan,nan,nan,nan,nan,APOL
9/7/2003,nan,nan,nan,nan,nan,APOL
09/08/2003,62.45,63.39,62.39,63.16,"1,271,200",APOL
09/09/2003,62.92,63.25,62.02,62.67,"1,099,300",APOL
09/10/2003,62.69,63.25,62.33,62.49,"1,283,500",APOL
09/11/2003,63.13,63.61,62.49,63.11,"1,603,700",APOL
09/12/2003,63.46,66.39,62.89,66.39,"3,191,300",APOL
9/13/2003,nan,nan,nan,nan,nan,APOL
9/14/2003,nan,nan,nan,nan,nan,APOL
09/15/2003,66.74,66.85,65.63,65.9,"1,918,100",APOL
09/16/2003,66.3,68.5,66.1,68.45,"2,325,100",APOL
09/17/2003,68.8,69.32,67.87,68.48,"1,197,800",APOL
09/18/2003,68.52,69,67.85,69,"1,261,500",APOL
09/19/2003,68.84,69.42,66.23,68.03,"1,720,600",APOL
9/20/2003,nan,nan,nan,nan,nan,APOL
9/21/2003,nan,nan,nan,nan,nan,APOL
09/22/2003,67.74,68.79,67.18,68.4,"1,762,800",APOL
09/23/2003,68.41,68.59,67.15,67.34,"1,802,400",APOL
09/24/2003,67.15,68.27,66.51,66.69,"1,822,100",APOL
09/25/2003,66.41,66.87,65.27,65.59,"1,387,800",APOL
09/26/2003,65.35,66.21,65.01,65.9,"1,494,300",APOL
9/27/2003,nan,nan,nan,nan,nan,APOL
9/28/2003,nan,nan,nan,nan,nan,APOL
09/29/2003,66.92,66.92,65.31,66.84,"1,949,100",APOL
09/30/2003,66.54,66.84,65.11,66.03,"1,451,700",APOL
10/01/2003,66.14,68.38,65.98,68.17,"1,215,400",APOL
10/02/2003,68.2,68.38,66.95,67.95,"936,000",APOL
10/03/2003,68.75,68.75,67.21,67.64,"1,247,500",APOL
10/4/2003,nan,nan,nan,nan,nan,APOL
10/5/2003,nan,nan,nan,nan,nan,APOL
10/06/2003,67.71,69.38,67.67,68.51,"1,183,200",APOL
10/07/2003,66.64,67.95,66.05,67.59,"3,269,500",APOL
10/08/2003,67.6,67.95,65.88,66.33,"1,918,000",APOL
10/09/2003,66.85,67.54,65.48,65.69,"1,392,100",APOL
10/10/2003,65.7,66.35,65.3,65.72,"1,084,200",APOL
10/11/2003,nan,nan,nan,nan,nan,APOL
10/12/2003,nan,nan,nan,nan,nan,APOL
10/13/2003,65.85,66.82,65.71,66.4,"936,700",APOL
10/14/2003,66.58,66.63,65.05,65.3,"1,247,100",APOL
10/15/2003,65.25,65.51,62.37,62.5,"5,091,700",APOL
10/16/2003,62.63,63.35,61.51,61.83,"3,422,200",APOL
10/17/2003,62.45,62.64,61,61.08,"1,690,100",APOL
10/18/2003,nan,nan,nan,nan,nan,APOL
10/19/2003,nan,nan,nan,nan,nan,APOL
10/20/2003,61.87,61.98,60.6,60.9,"2,473,600",APOL
10/21/2003,60.77,63.59,60.75,63.31,"3,950,400",APOL
10/22/2003,63.28,64.53,63.16,63.95,"3,390,700",APOL
10/23/2003,63.72,64.51,63.49,63.74,"2,147,300",APOL
10/24/2003,63.9,63.9,62.36,63.63,"1,041,000",APOL
10/25/2003,nan,nan,nan,nan,nan,APOL
10/26/2003,nan,nan,nan,nan,nan,APOL
10/27/2003,63.66,63.91,61.91,62.92,"2,302,200",APOL
10/28/2003,62.89,63.95,62.51,63.87,"1,945,800",APOL
10/29/2003,64.07,64.95,63.48,64.4,"2,133,800",APOL
10/30/2003,65.05,65.06,63.53,63.94,"2,102,300",APOL
10/31/2003,63.75,63.98,63.07,63.5,"940,500",APOL
11/1/2003,nan,nan,nan,nan,nan,APOL
11/2/2003,nan,nan,nan,nan,nan,APOL
11/03/2003,63.51,66.31,63.41,66.11,"2,205,700",APOL
11/04/2003,65.53,65.95,65.05,65.39,"1,590,900",APOL
11/05/2003,65.45,65.9,64.4,64.82,"1,033,600",APOL
11/06/2003,64.82,64.82,63.69,63.79,"1,211,700",APOL
11/07/2003,64.11,64.65,63.06,63.37,"1,445,400",APOL
11/8/2003,nan,nan,nan,nan,nan,APOL
11/9/2003,nan,nan,nan,nan,nan,APOL
11/10/2003,63.03,63.48,62.28,62.51,"1,509,100",APOL
11/11/2003,62.21,62.55,61.5,62.41,"2,282,000",APOL
11/12/2003,62.46,64.36,62.04,64.29,"2,000,600",APOL
11/13/2003,63.6,65.38,63.54,65.32,"2,319,400",APOL
11/14/2003,66.86,67.8,66.13,66.54,"2,867,800",APOL
11/15/2003,nan,nan,nan,nan,nan,APOL
11/16/2003,nan,nan,nan,nan,nan,APOL
11/17/2003,65.43,65.84,63.6,65.39,"3,072,100",APOL
11/18/2003,65.94,66.4,64.98,65.04,"1,397,100",APOL
11/19/2003,65.01,65.97,64.92,65.44,"1,131,200",APOL
11/20/2003,65.3,65.82,64.61,64.86,"1,419,900",APOL
11/21/2003,65.2,66.22,64.76,65.89,"1,338,100",APOL
11/22/2003,nan,nan,nan,nan,nan,APOL
11/23/2003,nan,nan,nan,nan,nan,APOL
11/24/2003,66.35,69.61,65.99,69.57,"2,445,100",APOL
11/25/2003,69.83,69.96,68.11,69.05,"1,730,700",APOL
11/26/2003,69.21,69.53,68,69.23,"1,058,400",APOL
11/27/2003,nan,nan,nan,nan,nan,APOL
11/28/2003,69.53,69.6,68.67,69.36,"508,000",APOL
11/29/2003,nan,nan,nan,nan,nan,APOL
11/30/2003,nan,nan,nan,nan,nan,APOL
12/01/2003,69.33,71.6,69.33,71.6,"2,055,500",APOL
12/02/2003,71.55,72.89,71.11,72.72,"2,292,700",APOL
12/03/2003,72.39,73.09,68.62,69.3,"5,915,100",APOL
12/04/2003,70.07,70.42,65.45,69.1,"7,100,200",APOL
12/05/2003,68.96,70.1,62.7,66.49,"9,632,500",APOL
12/6/2003,nan,nan,nan,nan,nan,APOL
12/7/2003,nan,nan,nan,nan,nan,APOL
12/08/2003,66.87,68.35,65.66,67.57,"2,526,300",APOL
12/09/2003,68.16,68.56,66.75,66.91,"1,852,100",APOL
12/10/2003,66.78,67.49,65.57,66.73,"1,867,700",APOL
12/11/2003,67.1,68.29,66.09,68,"1,514,700",APOL
12/12/2003,67.34,68.3,66.38,68,"1,608,100",APOL
12/13/2003,nan,nan,nan,nan,nan,APOL
12/14/2003,nan,nan,nan,nan,nan,APOL
12/15/2003,68.11,69.05,67.11,67.61,"2,587,900",APOL
12/16/2003,68.83,68.83,66.67,67.39,"1,993,000",APOL
12/17/2003,67.03,67.5,66.03,67.44,"1,735,000",APOL
12/18/2003,67.97,68.69,65.92,67.66,"1,999,300",APOL
12/19/2003,67.73,68.8,67.28,68.3,"1,777,000",APOL
12/20/2003,nan,nan,nan,nan,nan,APOL
12/21/2003,nan,nan,nan,nan,nan,APOL
12/22/2003,68.54,68.82,67.55,68.46,"1,101,400",APOL
12/23/2003,68.06,68.9,67.66,68.9,"984,700",APOL
12/24/2003,68.36,69.02,68.02,68.83,"646,000",APOL
12/25/2003,nan,nan,nan,nan,nan,APOL
12/26/2003,68.87,69.22,67.97,68.17,"441,800",APOL
12/27/2003,nan,nan,nan,nan,nan,APOL
12/28/2003,nan,nan,nan,nan,nan,APOL
12/29/2003,68.55,69.18,68.1,68.87,"1,185,000",APOL
12/30/2003,68.68,68.74,67.42,68,"2,087,500",APOL
12/31/2003,67.77,68.68,67.56,67.81,"1,762,500",APOL
1/1/2004,nan,nan,nan,nan,nan,APOL
01/02/2004,68.26,69.51,68,69.4,"2,573,100",APOL
1/3/2004,nan,nan,nan,nan,nan,APOL
1/4/2004,nan,nan,nan,nan,nan,APOL
01/05/2004,69.75,70.92,69.49,70.55,"2,212,100",APOL
01/06/2004,70.56,72.85,70.41,72.04,"1,916,600",APOL
01/07/2004,71.84,72.46,71.47,71.77,"1,330,500",APOL
01/08/2004,72.02,72.98,70.25,70.84,"1,266,900",APOL
01/09/2004,71.04,71.72,70.33,70.84,"1,033,500",APOL
1/10/2004,nan,nan,nan,nan,nan,APOL
1/11/2004,nan,nan,nan,nan,nan,APOL
01/12/2004,70.79,72.4,70.48,72.14,"1,320,100",APOL
01/13/2004,72.2,73,71.23,72.63,"1,237,800",APOL
01/14/2004,72.84,73.72,72.07,73.01,"1,001,200",APOL
01/15/2004,73.33,74.53,72.99,73.97,"1,234,300",APOL
01/16/2004,74.61,74.63,73.69,74.14,"1,009,000",APOL
1/17/2004,nan,nan,nan,nan,nan,APOL
1/18/2004,nan,nan,nan,nan,nan,APOL
1/19/2004,nan,nan,nan,nan,nan,APOL
01/20/2004,74.13,75.1,73.88,75.1,"1,080,700",APOL
01/21/2004,75.1,75.15,74.03,74.6,"749,700",APOL
01/22/2004,74.28,74.73,72.59,72.78,"1,520,500",APOL
01/23/2004,72.71,73.84,72.18,72.56,"1,263,900",APOL
1/24/2004,nan,nan,nan,nan,nan,APOL
1/25/2004,nan,nan,nan,nan,nan,APOL
01/26/2004,72.56,73.44,72.2,73.44,"1,172,100",APOL
01/27/2004,73.44,74.01,72.4,72.57,"1,096,100",APOL
01/28/2004,71.92,72.3,70.74,71.3,"1,724,200",APOL
01/29/2004,71.51,72.77,70.41,72.41,"2,527,000",APOL
01/30/2004,72.26,74.74,72.03,74.51,"1,836,800",APOL
1/31/2004,nan,nan,nan,nan,nan,APOL
2/1/2004,nan,nan,nan,nan,nan,APOL
02/02/2004,74.21,75.59,73.3,74.96,"1,564,200",APOL
02/03/2004,75.34,75.44,73.66,74.92,"1,041,700",APOL
02/04/2004,74.25,77,74.1,76.44,"1,915,400",APOL
02/05/2004,76.13,76.85,75.56,76.03,"829,100",APOL
02/06/2004,75.47,77.53,75.47,77.44,"997,200",APOL
2/7/2004,nan,nan,nan,nan,nan,APOL
2/8/2004,nan,nan,nan,nan,nan,APOL
02/09/2004,77.03,77.63,76.5,76.5,"590,300",APOL
02/10/2004,76.62,77.44,76.3,77.18,"689,000",APOL
02/11/2004,77.61,78.82,76.8,78.76,"845,300",APOL
02/12/2004,78.65,79.06,78.02,78.46,"804,500",APOL
02/13/2004,77.8,79.55,77.25,77.37,"795,500",APOL
2/14/2004,nan,nan,nan,nan,nan,APOL
2/15/2004,nan,nan,nan,nan,nan,APOL
2/16/2004,nan,nan,nan,nan,nan,APOL
02/17/2004,78.26,78.47,77,77.25,"702,600",APOL
02/18/2004,76.92,77.4,76.65,77.14,"756,000",APOL
02/19/2004,77.5,79.02,77.35,77.61,"1,367,200",APOL
02/20/2004,77.95,78.98,77,77.63,"932,900",APOL
2/21/2004,nan,nan,nan,nan,nan,APOL
2/22/2004,nan,nan,nan,nan,nan,APOL
02/23/2004,77.8,78.26,76.15,76.58,"1,210,100",APOL
02/24/2004,76.33,77.15,75.45,76.15,"1,245,100",APOL
02/25/2004,76.36,76.55,72.81,75.74,"3,610,900",APOL
02/26/2004,75.39,76.26,73.75,75.82,"2,956,500",APOL
02/27/2004,75.44,76.55,75.27,76.23,"1,086,900",APOL
2/28/2004,nan,nan,nan,nan,nan,APOL
2/29/2004,nan,nan,nan,nan,nan,APOL
03/01/2004,76.6,79.69,76.52,79.67,"1,790,600",APOL
03/02/2004,78.79,79.45,77.71,77.71,"1,321,800",APOL
03/03/2004,77.59,78.01,76.59,77.82,"1,933,200",APOL
03/04/2004,77.81,80.15,77.24,80.09,"2,007,700",APOL
03/05/2004,79.88,81.38,79.28,80.54,"1,877,400",APOL
3/6/2004,nan,nan,nan,nan,nan,APOL
3/7/2004,nan,nan,nan,nan,nan,APOL
03/08/2004,81.22,81.26,79.76,80.41,"1,622,700",APOL
03/09/2004,79.95,80.97,79.75,80.77,"2,645,900",APOL
03/10/2004,81,81.7,79.92,80.1,"2,587,300",APOL
03/11/2004,79.8,80.01,77.55,77.75,"2,594,200",APOL
03/12/2004,78.24,80.9,78.2,80.77,"2,094,400",APOL
3/13/2004,nan,nan,nan,nan,nan,APOL
3/14/2004,nan,nan,nan,nan,nan,APOL
03/15/2004,81.44,82.59,80.95,81.57,"2,439,500",APOL
03/16/2004,81.69,82.45,81.06,81.78,"1,701,800",APOL
03/17/2004,82.06,84.04,81.8,83.76,"1,333,300",APOL
03/18/2004,83.23,84.34,83.22,83.93,"1,591,100",APOL
03/19/2004,83.47,84.7,83.27,84.11,"1,767,200",APOL
3/20/2004,nan,nan,nan,nan,nan,APOL
3/21/2004,nan,nan,nan,nan,nan,APOL
03/22/2004,83.7,83.99,82.48,83.57,"1,581,700",APOL
03/23/2004,83.99,84.89,83.46,83.99,"1,390,300",APOL
03/24/2004,84.29,84.99,83.25,84.83,"1,754,000",APOL
03/25/2004,85.16,85.89,84.26,85.65,"1,832,500",APOL
03/26/2004,85.3,86.8,85.29,85.94,"1,384,500",APOL
3/27/2004,nan,nan,nan,nan,nan,APOL
3/28/2004,nan,nan,nan,nan,nan,APOL
03/29/2004,85.66,86.56,84.84,85.45,"1,771,300",APOL
03/30/2004,85.3,86.22,84.68,86.19,"1,198,300",APOL
03/31/2004,86.35,86.65,85.51,86.16,"1,022,700",APOL
04/01/2004,86.28,89.14,86,89.14,"2,248,500",APOL
04/02/2004,89.37,90.99,88.52,90.97,"2,455,700",APOL
4/3/2004,nan,nan,nan,nan,nan,APOL
4/4/2004,nan,nan,nan,nan,nan,APOL
04/05/2004,90.81,90.88,89.12,90,"3,072,100",APOL
04/06/2004,89.44,90.22,89.44,89.91,"1,441,300",APOL
04/07/2004,90,91.29,89.58,90.45,"1,567,100",APOL
04/08/2004,91.1,92.16,90.6,91.77,"1,396,100",APOL
4/9/2004,nan,nan,nan,nan,nan,APOL
4/10/2004,nan,nan,nan,nan,nan,APOL
4/11/2004,nan,nan,nan,nan,nan,APOL
04/12/2004,91.94,92.81,91.87,92.61,"1,063,500",APOL
04/13/2004,92.44,92.89,91.67,91.87,"1,196,300",APOL
04/14/2004,92,92.75,91.5,92.1,"1,350,300",APOL
04/15/2004,92.51,92.84,91.53,92.07,"1,679,200",APOL
04/16/2004,92.62,92.71,91.7,91.86,"2,402,800",APOL
4/17/2004,nan,nan,nan,nan,nan,APOL
4/18/2004,nan,nan,nan,nan,nan,APOL
04/19/2004,91.63,92.65,91.55,92.22,"1,573,800",APOL
04/20/2004,92.19,92.71,91.16,91.33,"1,946,500",APOL
04/21/2004,92.4,94.96,92.2,94.5,"2,470,100",APOL
04/22/2004,93.6,96.4,93.58,95.95,"2,905,100",APOL
04/23/2004,95.4,96.41,94.69,95.91,"1,267,000",APOL
4/24/2004,nan,nan,nan,nan,nan,APOL
4/25/2004,nan,nan,nan,nan,nan,APOL
04/26/2004,96,96.11,94.55,95.1,"1,420,400",APOL
04/27/2004,94.05,94.41,92.42,93.25,"2,478,000",APOL
04/28/2004,91.52,93.33,91.47,92.38,"2,200,100",APOL
04/29/2004,91.92,94.08,91.92,93.15,"1,921,700",APOL
4/30/2004,nan,nan,nan,nan,nan,APOL
5/1/2004,nan,nan,nan,nan,nan,APOL
5/2/2004,nan,nan,nan,nan,nan,APOL
05/03/2004,90.66,93.23,90.06,92.55,"2,409,100",APOL
05/04/2004,92.26,92.75,91.5,91.71,"1,537,900",APOL
05/05/2004,91.64,92.93,91.44,92.39,"1,152,500",APOL
05/06/2004,91.35,93.64,91.28,93.55,"1,624,800",APOL
05/07/2004,92.79,94.05,91.85,91.97,"1,495,000",APOL
5/8/2004,nan,nan,nan,nan,nan,APOL
5/9/2004,nan,nan,nan,nan,nan,APOL
05/10/2004,91.6,91.65,88.2,88.45,"2,962,600",APOL
05/11/2004,89.01,90.47,87.59,90.32,"1,986,600",APOL
05/12/2004,89.68,90.67,87.8,89.6,"2,215,200",APOL
05/13/2004,89.42,91.43,88.49,90.78,"1,707,100",APOL
05/14/2004,90.76,91.42,89.29,90.46,"1,818,600",APOL
5/15/2004,nan,nan,nan,nan,nan,APOL
5/16/2004,nan,nan,nan,nan,nan,APOL
05/17/2004,89.7,89.9,88.52,88.92,"1,656,000",APOL
05/18/2004,89.35,89.75,88.63,89.6,"1,314,100",APOL
05/19/2004,90.74,90.93,88.74,89.25,"1,826,700",APOL
05/20/2004,89.37,89.56,88.02,88.25,"1,940,300",APOL
05/21/2004,88.79,90.2,88.5,89.67,"1,330,800",APOL
5/22/2004,nan,nan,nan,nan,nan,APOL
5/23/2004,nan,nan,nan,nan,nan,APOL
05/24/2004,89.6,90.2,88.88,89.25,"1,211,500",APOL
5/25/2004,nan,nan,nan,nan,nan,APOL
05/26/2004,92.21,93.52,91.98,93.19,"1,630,800",APOL
05/27/2004,93.6,93.8,92.66,93.7,"1,652,100",APOL
05/28/2004,93.23,93.99,93.03,93.49,"961,200",APOL
5/29/2004,nan,nan,nan,nan,nan,APOL
5/30/2004,nan,nan,nan,nan,nan,APOL
5/31/2004,nan,nan,nan,nan,nan,APOL
06/01/2004,93.31,94.73,92.42,94.73,"1,130,600",APOL
06/02/2004,94.77,95.73,93.76,95.38,"1,506,600",APOL
06/03/2004,95.05,95.3,93.91,94.01,"910,900",APOL
06/04/2004,94.49,95.7,93.84,94.36,"1,196,500",APOL
6/5/2004,nan,nan,nan,nan,nan,APOL
6/6/2004,nan,nan,nan,nan,nan,APOL
06/07/2004,94.18,95.83,93.8,95.68,"833,500",APOL
06/08/2004,95.32,98.01,95,97.93,"1,852,200",APOL
06/09/2004,96.7,96.96,93.51,93.57,"2,540,100",APOL
06/10/2004,93.56,94.39,93.11,93.84,"987,900",APOL
6/11/2004,nan,nan,nan,nan,nan,APOL
6/12/2004,nan,nan,nan,nan,nan,APOL
6/13/2004,nan,nan,nan,nan,nan,APOL
06/14/2004,93.48,94.68,93.05,94.17,"1,539,200",APOL
06/15/2004,94.8,95.91,94.65,95.11,"1,069,900",APOL
06/16/2004,95.04,96.18,94.68,95.84,"942,600",APOL
06/17/2004,95.85,96,93.79,95.21,"1,452,600",APOL
06/18/2004,91.66,95.67,91.61,94.44,"3,228,900",APOL
6/19/2004,nan,nan,nan,nan,nan,APOL
6/20/2004,nan,nan,nan,nan,nan,APOL
06/21/2004,94.3,94.67,91.59,91.85,"4,054,600",APOL
06/22/2004,92.02,94.5,90.78,94.17,"2,476,200",APOL
06/23/2004,92.32,93.24,87.9,90.62,"6,271,300",APOL
06/24/2004,83.09,87.46,82.79,85.85,"14,704,500",APOL
06/25/2004,85.92,88.7,85.91,87.42,"3,776,700",APOL
6/26/2004,nan,nan,nan,nan,nan,APOL
6/27/2004,nan,nan,nan,nan,nan,APOL
06/28/2004,87.96,89.75,87.6,88.5,"3,090,800",APOL
06/29/2004,88.57,89.19,86.41,86.99,"2,465,700",APOL
06/30/2004,86.94,88.4,85.89,88.29,"2,607,100",APOL
07/01/2004,89.37,90.66,88.23,88.91,"2,204,800",APOL
07/02/2004,88.01,88.87,87.15,87.4,"1,559,900",APOL
7/3/2004,nan,nan,nan,nan,nan,APOL
7/4/2004,nan,nan,nan,nan,nan,APOL
7/5/2004,nan,nan,nan,nan,nan,APOL
07/06/2004,87.48,88.75,87.06,87.12,"1,390,800",APOL
07/07/2004,87.53,88.66,86.72,88.41,"1,696,000",APOL
07/08/2004,87.7,90.19,87.09,89.42,"2,246,500",APOL
07/09/2004,90.31,90.43,88.67,89.37,"1,772,500",APOL
7/10/2004,nan,nan,nan,nan,nan,APOL
7/11/2004,nan,nan,nan,nan,nan,APOL
07/12/2004,89.25,90.03,88.59,90.03,"1,823,800",APOL
07/13/2004,90.05,91.05,89.8,91,"1,601,700",APOL
07/14/2004,90.9,93.17,90.54,93.17,"2,900,900",APOL
07/15/2004,93.31,94.31,92.99,93.86,"2,129,100",APOL
07/16/2004,94.25,94.29,91.38,91.39,"2,386,800",APOL
7/17/2004,nan,nan,nan,nan,nan,APOL
7/18/2004,nan,nan,nan,nan,nan,APOL
07/19/2004,91.69,92.27,90.22,91.6,"1,897,900",APOL
07/20/2004,91.56,92.55,90.46,92.49,"2,297,600",APOL
07/21/2004,92.57,93.75,92.09,92.37,"2,528,600",APOL
07/22/2004,92.02,92.53,89.5,90.26,"2,629,600",APOL
07/23/2004,89.88,90.73,88.25,88.74,"2,346,400",APOL
7/24/2004,nan,nan,nan,nan,nan,APOL
7/25/2004,nan,nan,nan,nan,nan,APOL
07/26/2004,88.35,89.34,87.07,87.66,"2,758,500",APOL
07/27/2004,87.91,90.4,87.67,89.8,"1,781,600",APOL
07/28/2004,87.25,88.21,82.68,85.58,"7,075,000",APOL
07/29/2004,86.17,87,83.39,84.79,"4,309,100",APOL
07/30/2004,84.65,85.05,83.26,83.55,"2,915,400",APOL
7/31/2004,nan,nan,nan,nan,nan,APOL
8/1/2004,nan,nan,nan,nan,nan,APOL
08/02/2004,72.68,77.94,71.26,75,"18,379,300",APOL
08/03/2004,78.84,79.65,76.78,77.02,"6,127,800",APOL
08/04/2004,77.09,77.38,73.95,74.28,"5,489,700",APOL
08/05/2004,74.55,74.65,71.92,71.96,"4,243,600",APOL
08/06/2004,71.11,72.77,69.86,71.23,"4,797,500",APOL
8/7/2004,nan,nan,nan,nan,nan,APOL
8/8/2004,nan,nan,nan,nan,nan,APOL
08/09/2004,71.64,72.95,71.25,71.81,"2,578,100",APOL
08/10/2004,71.46,73.37,71.16,73.28,"2,291,600",APOL
08/11/2004,72.71,73.33,71.18,72.54,"2,761,800",APOL
08/12/2004,70.7,71.8,70.33,71.32,"3,578,600",APOL
08/13/2004,70.48,70.86,69.35,70.31,"4,943,100",APOL
8/14/2004,nan,nan,nan,nan,nan,APOL
8/15/2004,nan,nan,nan,nan,nan,APOL
08/16/2004,70.51,72.08,70.27,72.01,"2,159,300",APOL
08/17/2004,72.01,72.9,71.76,71.88,"2,369,300",APOL
08/18/2004,71.84,72.53,71.52,72,"1,880,000",APOL
08/19/2004,71.05,71.8,69.71,70.51,"3,611,200",APOL
08/20/2004,70.56,73.51,70.49,72.57,"2,509,700",APOL
8/21/2004,nan,nan,nan,nan,nan,APOL
8/22/2004,nan,nan,nan,nan,nan,APOL
08/23/2004,72.32,72.98,72.06,72.53,"1,876,900",APOL
08/24/2004,72.23,72.74,71.63,72.05,"2,936,500",APOL
08/25/2004,72.27,74,71.95,73.34,"2,728,500",APOL
08/26/2004,75.98,80.47,75.6,79.42,"10,603,700",APOL
08/27/2004,79.4,80,77.89,78.63,"2,627,300",APOL
8/28/2004,nan,nan,nan,nan,nan,APOL
8/29/2004,nan,nan,nan,nan,nan,APOL
08/30/2004,78.41,79.44,78.03,78.09,"1,732,200",APOL
08/31/2004,78.7,78.89,77.76,78,"1,845,500",APOL
09/01/2004,79.06,81.23,78.6,81.18,"5,092,400",APOL
09/02/2004,80.8,82.77,80.45,82.77,"3,107,800",APOL
09/03/2004,82.89,84.35,82.35,83.74,"2,144,000",APOL
9/4/2004,nan,nan,nan,nan,nan,APOL
9/5/2004,nan,nan,nan,nan,nan,APOL
9/6/2004,nan,nan,nan,nan,nan,APOL
09/07/2004,84.5,84.63,82.13,82.72,"2,953,600",APOL
09/08/2004,84.44,85.28,81.58,82.07,"3,436,700",APOL
09/09/2004,82.42,82.66,79.85,80.5,"2,890,500",APOL
09/10/2004,80.64,81.49,79.99,80.43,"1,279,200",APOL
9/11/2004,nan,nan,nan,nan,nan,APOL
9/12/2004,nan,nan,nan,nan,nan,APOL
09/13/2004,80.69,80.95,79.9,80.63,"1,758,500",APOL
09/14/2004,78.88,80.45,78.03,80.09,"4,299,100",APOL
09/15/2004,79.45,80,78.34,78.68,"2,809,900",APOL
09/16/2004,79.08,79.81,78.48,78.82,"1,327,700",APOL
09/17/2004,79.2,79.91,77.6,78.35,"2,581,900",APOL
9/18/2004,nan,nan,nan,nan,nan,APOL
9/19/2004,nan,nan,nan,nan,nan,APOL
09/20/2004,75.39,76.05,74.53,75.82,"4,685,400",APOL
09/21/2004,75.79,75.8,71.75,72,"6,011,700",APOL
09/22/2004,73.56,74.93,72.9,73.11,"4,819,100",APOL
09/23/2004,73.52,73.95,72.24,72.48,"2,896,400",APOL
09/24/2004,72.64,73.59,71.81,72.82,"2,531,100",APOL
9/25/2004,nan,nan,nan,nan,nan,APOL
9/26/2004,nan,nan,nan,nan,nan,APOL
09/27/2004,72.2,73.41,72.04,73.11,"1,831,400",APOL
09/28/2004,73.01,74.75,72.07,73.17,"2,827,800",APOL
09/29/2004,72.8,74.42,72.6,73.96,"1,581,000",APOL
09/30/2004,74.06,74.06,73.22,73.37,"1,707,800",APOL
10/01/2004,73.7,77,73.7,76.33,"2,958,200",APOL
10/2/2004,nan,nan,nan,nan,nan,APOL
10/3/2004,nan,nan,nan,nan,nan,APOL
10/04/2004,76.03,76.33,73.87,74.43,"3,531,500",APOL
10/05/2004,74.36,76.62,74.36,76.21,"3,910,200",APOL
10/06/2004,75.79,76.07,73.25,73.95,"4,952,500",APOL
10/07/2004,73.99,74.53,71.68,71.9,"3,342,800",APOL
10/08/2004,71.01,71.39,68.93,69.81,"5,423,900",APOL
10/9/2004,nan,nan,nan,nan,nan,APOL
10/10/2004,nan,nan,nan,nan,nan,APOL
10/11/2004,69.52,70.37,67.12,69.28,"6,402,200",APOL
10/12/2004,68.69,69.1,67.38,68.06,"5,969,000",APOL
10/13/2004,68.83,69.1,67.75,68.03,"3,477,800",APOL
10/14/2004,67.79,68.37,67.66,68.01,"2,160,400",APOL
10/15/2004,68.32,68.68,67.87,68.21,"2,741,900",APOL
10/16/2004,nan,nan,nan,nan,nan,APOL
10/17/2004,nan,nan,nan,nan,nan,APOL
10/18/2004,68.39,71.47,67.87,71.32,"3,764,200",APOL
10/19/2004,71.4,71.68,70,70.1,"2,342,600",APOL
10/20/2004,69.89,71.12,69.25,70.54,"2,561,800",APOL
10/21/2004,69.19,70.33,68.44,69.99,"2,829,600",APOL
10/22/2004,69.59,71.11,69.59,70.16,"1,895,800",APOL
10/23/2004,nan,nan,nan,nan,nan,APOL
10/24/2004,nan,nan,nan,nan,nan,APOL
10/25/2004,69.89,71.9,69.85,70.95,"2,193,500",APOL
10/26/2004,67.88,68.2,66.45,66.75,"7,189,500",APOL
10/27/2004,66.99,68.36,66.36,68.29,"4,232,200",APOL
10/28/2004,67.74,67.95,66.7,67.17,"4,248,300",APOL
10/29/2004,66.96,67.61,65.77,66,"3,657,700",APOL
10/30/2004,nan,nan,nan,nan,nan,APOL
10/31/2004,nan,nan,nan,nan,nan,APOL
11/01/2004,65.47,65.67,64.14,64.38,"5,309,300",APOL
11/02/2004,64.77,65.91,64.22,64.27,"3,706,300",APOL
11/03/2004,64.71,65.45,63.57,63.87,"3,941,800",APOL
11/04/2004,63.55,64.17,62.56,62.96,"4,943,500",APOL
11/05/2004,62.97,65.19,62.55,65.13,"3,479,300",APOL
11/6/2004,nan,nan,nan,nan,nan,APOL
11/7/2004,nan,nan,nan,nan,nan,APOL
11/08/2004,64.83,68.44,64.45,67.14,"3,203,900",APOL
11/09/2004,66.54,67.33,66.16,66.51,"1,581,100",APOL
11/10/2004,66.23,68.85,66.23,68.6,"3,276,400",APOL
11/11/2004,68.98,73.45,68.94,73.2,"3,969,500",APOL
11/12/2004,72.7,74.47,72.42,74.2,"3,483,600",APOL
11/13/2004,nan,nan,nan,nan,nan,APOL
11/14/2004,nan,nan,nan,nan,nan,APOL
11/15/2004,74.19,74.3,73.18,73.97,"1,538,300",APOL
11/16/2004,73.26,75.96,72.7,74.77,"2,782,100",APOL
11/17/2004,75.14,75.96,74.82,75.45,"2,441,400",APOL
11/18/2004,75.45,76.39,74.58,76.21,"1,748,800",APOL
11/19/2004,76.7,76.7,74.43,75,"2,308,700",APOL
11/20/2004,nan,nan,nan,nan,nan,APOL
11/21/2004,nan,nan,nan,nan,nan,APOL
11/22/2004,74.69,75.61,74.54,75.39,"1,709,100",APOL
11/23/2004,75.45,76.37,74.93,75.53,"1,603,400",APOL
11/24/2004,75.48,79.37,75.39,79.33,"2,655,900",APOL
11/25/2004,nan,nan,nan,nan,nan,APOL
11/26/2004,79.33,79.38,78.02,78.05,"819,600",APOL
11/27/2004,nan,nan,nan,nan,nan,APOL
11/28/2004,nan,nan,nan,nan,nan,APOL
11/29/2004,78.2,80.67,77.56,80.18,"3,514,500",APOL
11/30/2004,80.67,81.5,79.42,79.7,"2,636,200",APOL
12/01/2004,79.9,81.73,79.75,81.41,"1,744,700",APOL
12/02/2004,84.35,84.74,80.77,82.84,"2,997,300",APOL
12/03/2004,82.65,83.7,81.85,83.1,"2,054,200",APOL
12/4/2004,nan,nan,nan,nan,nan,APOL
12/5/2004,nan,nan,nan,nan,nan,APOL
12/06/2004,82.76,85.67,82.51,84.83,"2,252,800",APOL
12/07/2004,84.9,84.93,82.94,83.12,"2,949,400",APOL
12/08/2004,83.48,83.74,82.65,83.26,"1,846,800",APOL
12/09/2004,82.96,84.54,82.42,83.86,"1,678,500",APOL
12/10/2004,83.32,83.46,82.46,83.23,"1,335,200",APOL
12/11/2004,nan,nan,nan,nan,nan,APOL
12/12/2004,nan,nan,nan,nan,nan,APOL
12/13/2004,83.5,84,82.17,83.09,"1,429,000",APOL
12/14/2004,83.5,85.68,82.56,84.84,"1,723,600",APOL
12/15/2004,84.91,87.45,83.65,85.33,"2,171,300",APOL
12/16/2004,80.07,81.98,79.62,79.63,"5,339,200",APOL
12/17/2004,79,80.5,78.85,79.51,"4,159,500",APOL
12/18/2004,nan,nan,nan,nan,nan,APOL
12/19/2004,nan,nan,nan,nan,nan,APOL
12/20/2004,80.58,80.84,79.24,79.86,"1,760,900",APOL
12/21/2004,79.78,80.67,79.65,80.25,"1,405,200",APOL
12/22/2004,80.99,81,79.83,80.17,"1,428,500",APOL
12/23/2004,79.52,81.17,79.52,80.08,"832,300",APOL
12/24/2004,nan,nan,nan,nan,nan,APOL
12/25/2004,nan,nan,nan,nan,nan,APOL
12/26/2004,nan,nan,nan,nan,nan,APOL
12/27/2004,81,81,78.34,78.85,"1,265,700",APOL
12/28/2004,79.15,80.94,79,80.94,"1,026,100",APOL
12/29/2004,80.8,81.8,80.7,81.6,"1,482,000",APOL
12/30/2004,81.7,82.19,80.83,80.83,"1,007,400",APOL
12/31/2004,81.25,81.87,80.35,80.71,"952,200",APOL
1/1/2005,nan,nan,nan,nan,nan,APOL
1/2/2005,nan,nan,nan,nan,nan,APOL
01/03/2005,80.58,82,80.18,81.01,"3,013,300",APOL
01/04/2005,81.64,84.2,81.27,82.21,"2,993,600",APOL
01/05/2005,82.38,83.02,81.11,81.18,"2,231,600",APOL
01/06/2005,81.01,82.08,80.84,81.51,"1,205,900",APOL
01/07/2005,81.8,82,81.05,81.55,"1,507,600",APOL
1/8/2005,nan,nan,nan,nan,nan,APOL
1/9/2005,nan,nan,nan,nan,nan,APOL
01/10/2005,81.26,82.21,80.88,81.29,"1,532,800",APOL
01/11/2005,80.35,82.83,80.34,82.08,"1,362,700",APOL
01/12/2005,81.75,83.49,80.48,83.02,"2,701,900",APOL
01/13/2005,82.78,83.92,79.56,79.99,"2,981,600",APOL
01/14/2005,80.35,81.95,80.09,81.34,"1,879,100",APOL
1/15/2005,nan,nan,nan,nan,nan,APOL
1/16/2005,nan,nan,nan,nan,nan,APOL
1/17/2005,nan,nan,nan,nan,nan,APOL
01/18/2005,80.84,83.31,80.84,81.92,"2,067,700",APOL
01/19/2005,81.9,81.9,80.37,80.38,"1,846,000",APOL
01/20/2005,80.24,81.4,79.5,79.53,"1,715,800",APOL
01/21/2005,79.87,80,77.5,77.61,"2,661,000",APOL
1/22/2005,nan,nan,nan,nan,nan,APOL
1/23/2005,nan,nan,nan,nan,nan,APOL
01/24/2005,79.3,79.9,77.02,77.15,"3,094,100",APOL
01/25/2005,77.88,78.82,77.09,77.4,"1,766,000",APOL
01/26/2005,77.58,78.1,76.71,77.12,"1,270,900",APOL
01/27/2005,77.4,77.4,76.09,77.02,"1,708,400",APOL
01/28/2005,76.71,77.14,75.53,76.98,"2,174,500",APOL
1/29/2005,nan,nan,nan,nan,nan,APOL
1/30/2005,nan,nan,nan,nan,nan,APOL
01/31/2005,77.6,79.66,77.5,78.18,"2,457,800",APOL
02/01/2005,77.84,79.83,77.84,79.74,"2,088,200",APOL
02/02/2005,79.88,79.88,78,78.43,"1,509,000",APOL
02/03/2005,78.47,78.87,77.52,78.17,"1,206,300",APOL
02/04/2005,77.69,79.17,77.51,78.66,"1,370,300",APOL
2/5/2005,nan,nan,nan,nan,nan,APOL
2/6/2005,nan,nan,nan,nan,nan,APOL
02/07/2005,78.61,79.17,77.56,78,"895,100",APOL
02/08/2005,77.97,79.95,77.93,78.76,"1,212,700",APOL
02/09/2005,78.52,78.75,75.82,76.44,"1,592,400",APOL
02/10/2005,76.44,76.44,73.66,74.02,"3,047,800",APOL
02/11/2005,73.81,76.72,73.78,76.43,"2,068,500",APOL
2/12/2005,nan,nan,nan,nan,nan,APOL
2/13/2005,nan,nan,nan,nan,nan,APOL
02/14/2005,76.73,77.45,75.91,76.32,"988,400",APOL
02/15/2005,76.18,77.84,76.18,77.3,"1,557,300",APOL
02/16/2005,76.65,77,75.33,76.42,"1,632,000",APOL
02/17/2005,76.18,76.43,75.36,75.8,"1,367,000",APOL
02/18/2005,75.82,76.76,75.32,75.53,"1,205,300",APOL
2/19/2005,nan,nan,nan,nan,nan,APOL
2/20/2005,nan,nan,nan,nan,nan,APOL
2/21/2005,nan,nan,nan,nan,nan,APOL
02/22/2005,75.04,75.61,73.57,74.24,"1,594,900",APOL
02/23/2005,74.49,75.22,73.85,74.49,"974,500",APOL
02/24/2005,73.94,75.43,72.73,75.22,"1,657,400",APOL
02/25/2005,75.14,75.31,73.89,75,"1,145,200",APOL
2/26/2005,nan,nan,nan,nan,nan,APOL
2/27/2005,nan,nan,nan,nan,nan,APOL
02/28/2005,74.64,74.88,72.99,73.64,"2,490,000",APOL
03/01/2005,73.46,74.76,73.35,73.64,"1,567,900",APOL
03/02/2005,73.64,74.91,73.35,74.23,"1,690,900",APOL
03/03/2005,74.65,75.36,74.2,75.03,"1,431,400",APOL
03/04/2005,75.46,77.3,74.65,74.69,"1,834,100",APOL
3/5/2005,nan,nan,nan,nan,nan,APOL
3/6/2005,nan,nan,nan,nan,nan,APOL
03/07/2005,75,77.87,74.73,77.5,"1,750,300",APOL
03/08/2005,77.01,77.64,76.03,76.44,"1,258,000",APOL
03/09/2005,76.35,77.38,75.49,75.91,"1,285,800",APOL
03/10/2005,75.65,76.7,74.47,75.95,"1,048,000",APOL
03/11/2005,75.64,76.1,73.4,74,"1,829,400",APOL
3/12/2005,nan,nan,nan,nan,nan,APOL
3/13/2005,nan,nan,nan,nan,nan,APOL
03/14/2005,73.99,75.25,73.99,74.4,"1,319,700",APOL
03/15/2005,74.29,74.68,72.85,73.09,"1,500,000",APOL
03/16/2005,72.85,76.16,72.76,74.33,"2,652,500",APOL
03/17/2005,74.18,75.68,73.88,74.84,"1,043,900",APOL
03/18/2005,74.42,75.6,74.42,74.59,"2,927,700",APOL
3/19/2005,nan,nan,nan,nan,nan,APOL
3/20/2005,nan,nan,nan,nan,nan,APOL
03/21/2005,75.11,75.54,74.18,75.07,"1,305,200",APOL
03/22/2005,75.3,75.9,74.09,74.26,"1,522,100",APOL
03/23/2005,72.92,73.92,72.85,73.13,"1,496,000",APOL
03/24/2005,73.02,73.52,72,72.01,"1,667,700",APOL
3/25/2005,nan,nan,nan,nan,nan,APOL
3/26/2005,nan,nan,nan,nan,nan,APOL
3/27/2005,nan,nan,nan,nan,nan,APOL
03/28/2005,71.97,73.1,71.5,72.91,"2,120,800",APOL
03/29/2005,71,72.1,69.61,71.17,"8,277,100",APOL
03/30/2005,72.5,75,72.5,74.29,"4,062,500",APOL
03/31/2005,74.25,74.53,73.19,74.06,"2,093,200",APOL
04/01/2005,74.21,74.6,73.29,73.64,"2,748,000",APOL
4/2/2005,nan,nan,nan,nan,nan,APOL
4/3/2005,nan,nan,nan,nan,nan,APOL
04/04/2005,73.31,74.42,73.03,74.1,"1,575,400",APOL
04/05/2005,73.87,76.45,73.87,75.55,"2,093,000",APOL
04/06/2005,75.25,75.9,74.25,74.97,"1,190,900",APOL
04/07/2005,75,75.56,74.72,75.21,"876,900",APOL
04/08/2005,75.09,75.41,73.57,73.78,"1,147,200",APOL
4/9/2005,nan,nan,nan,nan,nan,APOL
4/10/2005,nan,nan,nan,nan,nan,APOL
04/11/2005,73.8,74.45,73,74.18,"1,022,100",APOL
04/12/2005,73.91,76.27,73.22,76.02,"2,016,600",APOL
04/13/2005,75.93,76.47,74.86,74.89,"1,311,000",APOL
04/14/2005,75.42,75.8,74.5,74.5,"1,116,100",APOL
04/15/2005,73.66,74.58,73.29,73.34,"1,909,100",APOL
4/16/2005,nan,nan,nan,nan,nan,APOL
4/17/2005,nan,nan,nan,nan,nan,APOL
04/18/2005,73.38,74.36,73.29,73.97,"1,512,900",APOL
04/19/2005,73.85,74.5,73.6,74.23,"1,164,800",APOL
04/20/2005,73.99,74.28,72.68,72.68,"2,313,500",APOL
04/21/2005,73.46,74.55,72.68,74.25,"1,289,500",APOL
04/22/2005,74.37,74.37,72.83,73.12,"1,561,600",APOL
4/23/2005,nan,nan,nan,nan,nan,APOL
4/24/2005,nan,nan,nan,nan,nan,APOL
04/25/2005,73.24,74.3,73.24,74.2,"1,288,100",APOL
04/26/2005,74.2,74.82,73.18,73.18,"1,409,400",APOL
04/27/2005,72.48,74.28,71.66,73.6,"2,197,000",APOL
04/28/2005,73.3,73.91,72.52,73.39,"1,618,100",APOL
04/29/2005,73.81,74.15,71.62,72.12,"2,078,700",APOL
4/30/2005,nan,nan,nan,nan,nan,APOL
5/1/2005,nan,nan,nan,nan,nan,APOL
05/02/2005,72.9,73.48,72.53,73.16,"2,039,800",APOL
05/03/2005,73.6,73.75,71.42,72.2,"4,256,700",APOL
05/04/2005,69.38,70.11,65.96,68.64,"8,977,500",APOL
05/05/2005,68.96,69.5,68.29,69.42,"2,117,600",APOL
05/06/2005,70.18,70.35,68.9,69.47,"1,602,700",APOL
5/7/2005,nan,nan,nan,nan,nan,APOL
5/8/2005,nan,nan,nan,nan,nan,APOL
05/09/2005,69.25,70.31,69.03,70.31,"1,508,000",APOL
05/10/2005,69.66,70.79,69.5,70.46,"1,352,000",APOL
05/11/2005,70.76,71.65,70.5,71.48,"1,596,000",APOL
05/12/2005,71.48,71.86,70.54,70.93,"1,541,700",APOL
05/13/2005,70.9,71.38,70.31,71.07,"1,239,900",APOL
5/14/2005,nan,nan,nan,nan,nan,APOL
5/15/2005,nan,nan,nan,nan,nan,APOL
05/16/2005,71.17,71.51,70.65,71.43,"765,900",APOL
05/17/2005,71.12,71.96,71.07,71.58,"1,265,700",APOL
05/18/2005,71.66,73.97,71.45,73.95,"1,637,700",APOL
05/19/2005,73.94,74.06,73.12,73.75,"2,039,200",APOL
05/20/2005,73.86,75.4,73.48,75.36,"2,093,600",APOL
5/21/2005,nan,nan,nan,nan,nan,APOL
5/22/2005,nan,nan,nan,nan,nan,APOL
05/23/2005,75.2,76.26,74.73,75.87,"1,544,100",APOL
05/24/2005,75.63,77.26,75.57,76.7,"1,802,600",APOL
05/25/2005,76.88,76.88,75.52,76.04,"1,175,700",APOL
05/26/2005,77.6,78.11,76.82,77.8,"1,488,000",APOL
05/27/2005,77.98,78.91,77.67,78.36,"902,400",APOL
5/28/2005,nan,nan,nan,nan,nan,APOL
5/29/2005,nan,nan,nan,nan,nan,APOL
5/30/2005,nan,nan,nan,nan,nan,APOL
05/31/2005,78.5,78.59,77.55,78.43,"908,500",APOL
06/01/2005,78.35,79.36,77.92,78.69,"1,184,600",APOL
06/02/2005,78.58,79.38,78.3,78.95,"677,100",APOL
06/03/2005,79.23,79.4,77.57,78.19,"951,200",APOL
6/4/2005,nan,nan,nan,nan,nan,APOL
6/5/2005,nan,nan,nan,nan,nan,APOL
06/06/2005,77.94,78.7,77.88,78.39,"851,900",APOL
06/07/2005,78.88,79.14,78.05,78.6,"1,275,200",APOL
06/08/2005,78.47,78.72,76.77,77.56,"1,127,700",APOL
06/09/2005,77.67,81.85,77.52,81.21,"2,149,100",APOL
06/10/2005,81.03,81.22,79.78,80.46,"1,039,200",APOL
6/11/2005,nan,nan,nan,nan,nan,APOL
6/12/2005,nan,nan,nan,nan,nan,APOL
06/13/2005,80.73,82.54,80.7,81.09,"1,503,000",APOL
06/14/2005,81.01,81.25,79.38,79.84,"1,521,100",APOL
06/15/2005,80.03,80.78,78.25,78.88,"1,312,300",APOL
06/16/2005,79.11,80.62,78.54,79.46,"1,173,600",APOL
06/17/2005,80.16,80.65,78.17,78.54,"1,957,600",APOL
6/18/2005,nan,nan,nan,nan,nan,APOL
6/19/2005,nan,nan,nan,nan,nan,APOL
06/20/2005,77.78,78.39,77.23,78,"1,085,100",APOL
06/21/2005,77.89,78.85,77.47,78.2,"931,800",APOL
06/22/2005,78.6,79.38,77.82,78.19,"1,085,000",APOL
06/23/2005,76.6,78.14,75.3,77.14,"4,070,100",APOL
06/24/2005,77.36,77.91,77,77.21,"1,408,100",APOL
6/25/2005,nan,nan,nan,nan,nan,APOL
6/26/2005,nan,nan,nan,nan,nan,APOL
06/27/2005,77.87,80.23,77.87,80.23,"3,577,300",APOL
06/28/2005,77.26,79.45,76.62,79.13,"6,254,700",APOL
06/29/2005,79.3,80.4,78.35,78.92,"3,076,100",APOL
06/30/2005,79.16,79.36,78.11,78.22,"1,720,200",APOL
07/01/2005,77.95,78.76,77.66,78,"1,243,700",APOL
7/2/2005,nan,nan,nan,nan,nan,APOL
7/3/2005,nan,nan,nan,nan,nan,APOL
7/4/2005,nan,nan,nan,nan,nan,APOL
07/05/2005,77.05,78.07,76.9,77.66,"1,523,800",APOL
07/06/2005,77.4,77.44,75.75,75.87,"1,762,800",APOL
07/07/2005,75.26,75.39,74.32,74.43,"2,792,200",APOL
07/08/2005,74.78,74.91,73.37,73.99,"2,842,400",APOL
7/9/2005,nan,nan,nan,nan,nan,APOL
7/10/2005,nan,nan,nan,nan,nan,APOL
07/11/2005,75.13,75.31,74.05,74.32,"1,950,700",APOL
07/12/2005,74.63,74.63,73.61,73.72,"1,990,400",APOL
07/13/2005,74.15,74.32,73.44,73.65,"1,586,600",APOL
07/14/2005,73.89,74.33,73.64,73.93,"1,719,000",APOL
07/15/2005,74.34,74.76,73.58,73.89,"1,216,800",APOL
7/16/2005,nan,nan,nan,nan,nan,APOL
7/17/2005,nan,nan,nan,nan,nan,APOL
07/18/2005,73.5,73.81,72.66,72.86,"1,742,400",APOL
07/19/2005,72.4,73.21,72.2,72.54,"1,834,300",APOL
07/20/2005,72.51,73.73,72.15,73.17,"2,048,300",APOL
07/21/2005,72.7,72.84,71.67,71.83,"1,739,400",APOL
07/22/2005,72.05,72.31,71.29,71.58,"1,307,100",APOL
7/23/2005,nan,nan,nan,nan,nan,APOL
7/24/2005,nan,nan,nan,nan,nan,APOL
07/25/2005,71.28,72.09,71.28,72.05,"2,118,000",APOL
07/26/2005,72.05,73.02,71.74,72.8,"2,349,600",APOL
07/27/2005,73,74.08,72.05,74.02,"1,323,500",APOL
07/28/2005,73.96,76.08,73.84,75.94,"2,264,100",APOL
07/29/2005,75.83,76.12,74.93,75.15,"1,108,900",APOL
7/30/2005,nan,nan,nan,nan,nan,APOL
7/31/2005,nan,nan,nan,nan,nan,APOL
08/01/2005,75,75.8,74.9,75.07,"1,187,800",APOL
08/02/2005,73.84,75.28,73.83,74.8,"1,406,500",APOL
08/03/2005,74.31,74.72,73.66,74.51,"1,057,500",APOL
08/04/2005,74.55,74.55,73.01,73.03,"927,100",APOL
08/05/2005,73.15,73.65,72.55,72.78,"1,247,400",APOL
8/6/2005,nan,nan,nan,nan,nan,APOL
8/7/2005,nan,nan,nan,nan,nan,APOL
08/08/2005,72.68,73.06,71.6,72.72,"1,360,000",APOL
08/09/2005,72.93,73.54,72.76,73.24,"689,400",APOL
08/10/2005,73.15,73.8,71.71,71.99,"896,400",APOL
08/11/2005,71.96,74.39,71.96,73.5,"1,015,800",APOL
08/12/2005,73.19,73.38,72.31,73.12,"892,400",APOL
8/13/2005,nan,nan,nan,nan,nan,APOL
8/14/2005,nan,nan,nan,nan,nan,APOL
08/15/2005,72.95,74.39,72.77,74.39,"1,406,400",APOL
08/16/2005,74.36,74.39,73.53,73.56,"1,054,900",APOL
08/17/2005,73.48,74.73,73.44,74.54,"1,297,000",APOL
08/18/2005,74.21,75.82,74.07,75.66,"1,671,800",APOL
08/19/2005,75.31,76.19,75.31,75.89,"1,582,800",APOL
8/20/2005,nan,nan,nan,nan,nan,APOL
8/21/2005,nan,nan,nan,nan,nan,APOL
08/22/2005,76.32,76.35,75.15,75.77,"1,127,600",APOL
08/23/2005,75.93,76.07,75.42,75.68,"624,600",APOL
08/24/2005,75.73,77.65,75.2,76.5,"1,721,700",APOL
08/25/2005,76.77,77.29,76.5,77,"1,113,700",APOL
08/26/2005,76.66,77.54,76.28,76.94,"1,035,700",APOL
8/27/2005,nan,nan,nan,nan,nan,APOL
8/28/2005,nan,nan,nan,nan,nan,APOL
08/29/2005,76.73,77.38,76.6,77.01,"584,700",APOL
08/30/2005,76.75,77.19,75.91,77.01,"981,700",APOL
08/31/2005,76.8,78.8,76.4,78.66,"1,242,600",APOL
09/01/2005,78.25,79.17,77.3,78.17,"1,121,800",APOL
09/02/2005,78.54,78.55,77.4,77.9,"559,300",APOL
9/3/2005,nan,nan,nan,nan,nan,APOL
9/4/2005,nan,nan,nan,nan,nan,APOL
9/5/2005,nan,nan,nan,nan,nan,APOL
09/06/2005,78.28,79.25,77.72,78.19,"1,026,900",APOL
09/07/2005,78.17,78.25,77.06,77.68,"767,300",APOL
09/08/2005,77.63,77.73,76.63,77.02,"811,200",APOL
09/09/2005,77.01,77.25,76.22,76.76,"654,400",APOL
9/10/2005,nan,nan,nan,nan,nan,APOL
9/11/2005,nan,nan,nan,nan,nan,APOL
09/12/2005,76.99,77.84,76.12,77.38,"704,500",APOL
09/13/2005,77.73,77.8,75.52,75.69,"1,623,700",APOL
09/14/2005,75.67,75.99,75.18,75.27,"884,300",APOL
09/15/2005,75.26,75.27,74.12,74.98,"1,264,800",APOL
09/16/2005,74.54,74.97,73.66,73.77,"4,478,900",APOL
9/17/2005,nan,nan,nan,nan,nan,APOL
9/18/2005,nan,nan,nan,nan,nan,APOL
09/19/2005,73.9,74.3,67.67,69.93,"10,177,700",APOL
09/20/2005,69.33,69.58,67.1,67.19,"4,419,900",APOL
09/21/2005,67.06,67.44,65.25,65.46,"3,214,900",APOL
09/22/2005,65.46,66.05,64.78,65.4,"2,060,500",APOL
09/23/2005,65.21,66.14,64.71,66.09,"1,740,000",APOL
9/24/2005,nan,nan,nan,nan,nan,APOL
9/25/2005,nan,nan,nan,nan,nan,APOL
09/26/2005,65.9,66.36,64.9,66.33,"2,081,100",APOL
09/27/2005,66.59,67.42,66.18,66.81,"1,521,800",APOL
09/28/2005,67.13,67.29,66.2,66.64,"1,539,500",APOL
09/29/2005,66.65,66.77,65.78,66.71,"1,574,600",APOL
09/30/2005,66.8,67.03,65.67,66.39,"1,335,800",APOL
10/1/2005,nan,nan,nan,nan,nan,APOL
10/2/2005,nan,nan,nan,nan,nan,APOL
10/03/2005,66.11,67.11,65.7,65.9,"1,370,200",APOL
10/04/2005,65.89,66.37,64.47,64.59,"1,736,300",APOL
10/05/2005,64.43,64.71,62.5,62.9,"3,376,700",APOL
10/06/2005,62.82,64.18,62.54,63.03,"2,285,800",APOL
10/07/2005,62.99,63.41,62.28,62.78,"1,281,900",APOL
10/8/2005,nan,nan,nan,nan,nan,APOL
10/9/2005,nan,nan,nan,nan,nan,APOL
10/10/2005,62.62,62.9,61.79,62.51,"967,400",APOL
10/11/2005,62.2,63.41,61.76,62.63,"2,003,600",APOL
10/12/2005,62.82,63.97,59.19,61.89,"5,543,600",APOL
10/13/2005,61.52,64.11,61.5,61.91,"2,447,800",APOL
10/14/2005,61.68,62.18,60.95,61.26,"1,763,800",APOL
10/15/2005,nan,nan,nan,nan,nan,APOL
10/16/2005,nan,nan,nan,nan,nan,APOL
10/17/2005,61,61.05,60.51,61.02,"1,422,200",APOL
10/18/2005,61.2,61.2,59.05,59.53,"3,424,100",APOL
10/19/2005,59.2,60.73,57.4,60.7,"4,443,200",APOL
10/20/2005,59.21,59.71,58.6,58.87,"3,772,700",APOL
10/21/2005,59.33,60.26,58.84,59.73,"2,298,100",APOL
10/22/2005,nan,nan,nan,nan,nan,APOL
10/23/2005,nan,nan,nan,nan,nan,APOL
10/24/2005,59.9,60.75,59.53,60.55,"1,466,100",APOL
10/25/2005,60.28,61,60.14,60.99,"1,270,200",APOL
10/26/2005,60.76,61.83,60.58,61.13,"1,313,000",APOL
10/27/2005,61.11,61.86,60.74,60.86,"1,284,400",APOL
10/28/2005,61.43,62.7,61.43,62.54,"1,494,900",APOL
10/29/2005,nan,nan,nan,nan,nan,APOL
10/30/2005,nan,nan,nan,nan,nan,APOL
10/31/2005,62.65,63.36,62.23,62.98,"1,322,500",APOL
11/01/2005,63.15,64.07,62.7,63.79,"1,554,700",APOL
11/02/2005,63.56,66.16,63.56,65.65,"2,115,700",APOL
11/03/2005,65.23,66.97,64.55,66.82,"2,402,000",APOL
11/04/2005,66.61,66.97,65.76,66.19,"1,977,900",APOL
11/5/2005,nan,nan,nan,nan,nan,APOL
11/6/2005,nan,nan,nan,nan,nan,APOL
11/07/2005,66.59,67.55,66.27,67.03,"1,016,500",APOL
11/08/2005,67.24,67.39,66.08,67.04,"1,214,400",APOL
11/09/2005,66.8,69.06,66.67,68.44,"1,750,500",APOL
11/10/2005,68.59,70.4,68.58,70.11,"1,851,900",APOL
11/11/2005,70.29,70.67,69.89,70.49,"1,182,100",APOL
11/12/2005,nan,nan,nan,nan,nan,APOL
11/13/2005,nan,nan,nan,nan,nan,APOL
11/14/2005,70.56,70.56,69.65,69.65,"1,567,000",APOL
11/15/2005,69.65,69.69,68.89,69.27,"1,300,100",APOL
11/16/2005,69.4,70,68.9,69.56,"1,158,100",APOL
11/17/2005,70,71.2,69.53,71.01,"1,468,900",APOL
11/18/2005,71.52,72.11,70.98,71.57,"1,659,100",APOL
11/19/2005,nan,nan,nan,nan,nan,APOL
11/20/2005,nan,nan,nan,nan,nan,APOL
11/21/2005,71.52,72.05,71.19,72.04,"986,600",APOL
11/22/2005,71.85,72.1,70.41,71.11,"1,681,600",APOL
11/23/2005,70.95,71.96,70.53,71.66,"590,900",APOL
11/24/2005,nan,nan,nan,nan,nan,APOL
11/25/2005,71.81,72.1,71.35,71.97,"219,300",APOL
11/26/2005,nan,nan,nan,nan,nan,APOL
11/27/2005,nan,nan,nan,nan,nan,APOL
11/28/2005,71.7,71.92,70.87,71.16,"1,060,700",APOL
11/29/2005,71.58,72,71.5,71.65,"1,240,200",APOL
11/30/2005,71.55,72.73,70.7,71.2,"1,690,400",APOL
12/01/2005,71.69,73.01,71.61,72.61,"1,315,100",APOL
12/02/2005,72.4,72.91,70.85,71.21,"2,009,100",APOL
12/3/2005,nan,nan,nan,nan,nan,APOL
12/4/2005,nan,nan,nan,nan,nan,APOL
12/05/2005,71.22,72.4,71.2,71.58,"2,563,000",APOL
12/06/2005,71.98,72.04,70.06,70.22,"1,644,100",APOL
12/07/2005,69.91,70.85,69.55,70.66,"1,371,200",APOL
12/08/2005,70.15,70.25,68.23,68.5,"3,051,800",APOL
12/09/2005,68.43,69.09,67.16,68.44,"1,522,300",APOL
12/10/2005,nan,nan,nan,nan,nan,APOL
12/11/2005,nan,nan,nan,nan,nan,APOL
12/12/2005,67.06,67.67,67,67.53,"2,079,500",APOL
12/13/2005,67.72,68.61,67.48,68.15,"1,412,300",APOL
12/14/2005,68.53,69,67.8,67.87,"1,403,300",APOL
12/15/2005,65.89,71.59,65.71,65.92,"7,127,800",APOL
12/16/2005,66.41,66.49,63.58,63.61,"6,068,500",APOL
12/17/2005,nan,nan,nan,nan,nan,APOL
12/18/2005,nan,nan,nan,nan,nan,APOL
12/19/2005,64.22,64.53,62.3,62.5,"1,987,100",APOL
12/20/2005,62.53,62.9,62.2,62.3,"2,120,100",APOL
12/21/2005,62.35,63,62.25,62.28,"2,198,500",APOL
12/22/2005,62.4,62.73,61.58,61.89,"2,062,500",APOL
12/23/2005,62.15,62.17,61.49,61.66,"1,143,700",APOL
12/24/2005,nan,nan,nan,nan,nan,APOL
12/25/2005,nan,nan,nan,nan,nan,APOL
12/26/2005,nan,nan,nan,nan,nan,APOL
12/27/2005,61.67,61.92,60.55,60.8,"2,117,500",APOL
12/28/2005,60.87,61.11,60.35,60.44,"1,555,200",APOL
12/29/2005,60.44,61.09,60.26,60.29,"1,700,900",APOL
12/30/2005,60,60.74,59.98,60.46,"1,501,900",APOL
12/31/2005,nan,nan,nan,nan,nan,APOL
1/1/2006,nan,nan,nan,nan,nan,APOL
1/2/2006,nan,nan,nan,nan,nan,APOL
01/03/2006,59.95,61.19,59.43,60.65,"3,146,500",APOL
01/04/2006,60.7,61.39,60.68,61.27,"2,175,800",APOL
01/05/2006,61.15,61.28,60.21,60.8,"2,290,200",APOL
01/06/2006,61.25,62.45,60.73,62.4,"2,683,700",APOL
1/7/2006,nan,nan,nan,nan,nan,APOL
1/8/2006,nan,nan,nan,nan,nan,APOL
01/09/2006,62.47,63.26,62.4,62.81,"2,131,400",APOL
01/10/2006,62.5,62.92,62.06,62.7,"1,089,000",APOL
01/11/2006,62.8,63.22,62.03,62.15,"1,851,800",APOL
01/12/2006,57.86,59.85,56.31,57.54,"10,451,000",APOL
01/13/2006,57.81,58.07,56.67,56.7,"3,223,500",APOL
1/14/2006,nan,nan,nan,nan,nan,APOL
1/15/2006,nan,nan,nan,nan,nan,APOL
1/16/2006,nan,nan,nan,nan,nan,APOL
01/17/2006,56.58,56.75,55.55,55.9,"2,422,700",APOL
01/18/2006,56.04,56.14,54.72,54.84,"2,733,800",APOL
01/19/2006,54.99,55.59,54.14,55.33,"2,416,000",APOL
01/20/2006,55.11,55.3,54.17,54.51,"3,086,200",APOL
1/21/2006,nan,nan,nan,nan,nan,APOL
1/22/2006,nan,nan,nan,nan,nan,APOL
01/23/2006,53.71,54.48,53.37,54.24,"2,344,800",APOL
01/24/2006,54.23,54.59,54.12,54.4,"1,876,200",APOL
01/25/2006,54.44,54.45,53.8,54.12,"1,367,200",APOL
01/26/2006,54.65,56.07,54.36,55.86,"2,322,900",APOL
01/27/2006,56.01,57.27,55.78,55.9,"1,721,000",APOL
1/28/2006,nan,nan,nan,nan,nan,APOL
1/29/2006,nan,nan,nan,nan,nan,APOL
01/30/2006,56.25,56.25,55.28,55.52,"1,175,500",APOL
01/31/2006,55.73,56.29,55.42,55.68,"1,585,500",APOL
02/01/2006,55.3,56.45,55.3,55.95,"1,347,600",APOL
02/02/2006,56.45,57.09,55.47,56.87,"2,031,800",APOL
02/03/2006,55.94,57.5,55.94,56.3,"1,536,200",APOL
2/4/2006,nan,nan,nan,nan,nan,APOL
2/5/2006,nan,nan,nan,nan,nan,APOL
02/06/2006,56,56.95,56,56.2,"1,788,700",APOL
02/07/2006,56.16,56.34,55.31,55.45,"2,515,400",APOL
02/08/2006,55.36,56.71,55.1,56.51,"1,618,200",APOL
02/09/2006,56.38,57.07,56.32,56.7,"1,129,300",APOL
02/10/2006,57.32,59.05,57.1,58.89,"2,148,100",APOL
2/11/2006,nan,nan,nan,nan,nan,APOL
2/12/2006,nan,nan,nan,nan,nan,APOL
02/13/2006,58.87,59.25,58.15,58.68,"1,256,600",APOL
02/14/2006,59.11,59.74,58.4,59.33,"1,791,000",APOL
02/15/2006,59.22,59.7,58.07,58.67,"1,328,900",APOL
02/16/2006,58.82,59.19,58.03,58.86,"1,047,800",APOL
02/17/2006,58.75,59.79,58.04,58.06,"1,466,500",APOL
2/18/2006,nan,nan,nan,nan,nan,APOL
2/19/2006,nan,nan,nan,nan,nan,APOL
2/20/2006,nan,nan,nan,nan,nan,APOL
02/21/2006,58.29,58.34,56.96,56.96,"1,270,100",APOL
02/22/2006,57.16,58.15,56.83,57.74,"874,300",APOL
02/23/2006,57.93,58.33,57.02,57.18,"860,900",APOL
02/24/2006,57.13,58.36,56.75,58.09,"841,200",APOL
2/25/2006,nan,nan,nan,nan,nan,APOL
2/26/2006,nan,nan,nan,nan,nan,APOL
02/27/2006,58.28,58.87,57.95,58.47,"1,160,300",APOL
02/28/2006,50.62,51.78,49.01,49.38,"19,489,400",APOL
03/01/2006,49.2,49.6,47.89,48.88,"6,259,200",APOL
03/02/2006,48.46,48.56,47.27,47.94,"3,310,500",APOL
03/03/2006,47.75,48.44,47.47,48.29,"2,944,900",APOL
3/4/2006,nan,nan,nan,nan,nan,APOL
3/5/2006,nan,nan,nan,nan,nan,APOL
03/06/2006,49.44,50.9,49.1,50.59,"4,217,400",APOL
03/07/2006,50.85,50.85,49.78,50.47,"1,681,700",APOL
03/08/2006,50.25,50.55,49.2,49.8,"2,750,900",APOL
03/09/2006,49.6,51.26,49.6,50.97,"2,243,400",APOL
03/10/2006,51.1,52.14,50.66,51.98,"2,395,000",APOL
3/11/2006,nan,nan,nan,nan,nan,APOL
3/12/2006,nan,nan,nan,nan,nan,APOL
03/13/2006,52.27,52.3,51.57,52.1,"1,252,200",APOL
03/14/2006,52.1,52.5,51.6,52.49,"1,475,500",APOL
03/15/2006,52.55,53.34,51.88,53.3,"2,223,700",APOL
03/16/2006,53.21,53.5,51.78,51.86,"2,439,000",APOL
03/17/2006,52.33,52.34,51.16,52,"2,681,100",APOL
3/18/2006,nan,nan,nan,nan,nan,APOL
3/19/2006,nan,nan,nan,nan,nan,APOL
03/20/2006,52.19,52.76,51.95,52.66,"1,092,900",APOL
03/21/2006,52.9,52.93,51.53,51.53,"1,578,500",APOL
03/22/2006,51.57,52.27,51.25,52.05,"1,663,700",APOL
03/23/2006,50.2,54.99,50.14,53.72,"5,121,800",APOL
03/24/2006,53.86,53.9,51.1,51.6,"2,890,900",APOL
3/25/2006,nan,nan,nan,nan,nan,APOL
3/26/2006,nan,nan,nan,nan,nan,APOL
03/27/2006,51.6,52.02,51.39,51.77,"1,581,500",APOL
03/28/2006,51.72,52.03,51.4,51.71,"2,356,500",APOL
03/29/2006,51.59,52.94,51.38,52.64,"3,581,500",APOL
03/30/2006,52.53,53.35,51.79,52.43,"856,200",APOL
03/31/2006,52.72,53.1,52.23,52.51,"1,765,300",APOL
4/1/2006,nan,nan,nan,nan,nan,APOL
4/2/2006,nan,nan,nan,nan,nan,APOL
04/03/2006,52.98,53.28,51.41,51.55,"2,485,500",APOL
04/04/2006,51.57,51.91,50.6,50.87,"2,795,300",APOL
04/05/2006,51,52.4,51,51.18,"2,503,900",APOL
04/06/2006,52.95,53.08,52.37,52.9,"4,061,800",APOL
04/07/2006,53.01,53.2,52.1,52.52,"1,194,900",APOL
4/8/2006,nan,nan,nan,nan,nan,APOL
4/9/2006,nan,nan,nan,nan,nan,APOL
04/10/2006,52.61,52.94,52.4,52.85,"1,607,900",APOL
04/11/2006,53.18,53.26,52.48,52.78,"1,441,000",APOL
04/12/2006,52.93,53.2,52.46,52.56,"727,000",APOL
04/13/2006,52.5,53.35,52.45,52.8,"1,552,900",APOL
4/14/2006,nan,nan,nan,nan,nan,APOL
4/15/2006,nan,nan,nan,nan,nan,APOL
4/16/2006,nan,nan,nan,nan,nan,APOL
04/17/2006,52.61,53.05,52.16,52.64,"932,100",APOL
04/18/2006,53.15,54.4,53.05,54.26,"1,473,200",APOL
04/19/2006,54.49,54.73,54.02,54.31,"1,150,400",APOL
04/20/2006,54.22,54.53,54.04,54.29,"860,200",APOL
04/21/2006,54.79,54.79,52.36,52.82,"1,368,000",APOL
4/22/2006,nan,nan,nan,nan,nan,APOL
4/23/2006,nan,nan,nan,nan,nan,APOL
04/24/2006,52.87,53.65,52.35,53.29,"1,271,400",APOL
04/25/2006,53.15,53.71,52.67,52.86,"933,200",APOL
04/26/2006,53.19,53.8,52.65,52.95,"1,643,600",APOL
04/27/2006,54.6,56.3,53.5,56.02,"3,390,100",APOL
04/28/2006,55.83,56,54.58,54.64,"1,271,900",APOL
4/29/2006,nan,nan,nan,nan,nan,APOL
4/30/2006,nan,nan,nan,nan,nan,APOL
05/01/2006,54.95,55.07,53.11,53.31,"1,125,200",APOL
05/02/2006,53.7,53.75,52.28,52.47,"1,673,200",APOL
05/03/2006,52.35,52.95,52.31,52.7,"760,800",APOL
05/04/2006,52.06,53.03,52.06,52.35,"1,093,200",APOL
05/05/2006,52.95,53.12,52.29,52.96,"1,230,500",APOL
5/6/2006,nan,nan,nan,nan,nan,APOL
5/7/2006,nan,nan,nan,nan,nan,APOL
05/08/2006,53.12,54.44,53.01,54.23,"1,072,000",APOL
05/09/2006,54.25,55.01,54.1,54.82,"1,379,800",APOL
05/10/2006,54.75,55.12,54.37,54.42,"1,119,800",APOL
05/11/2006,54.12,54.74,52.44,52.58,"1,155,000",APOL
05/12/2006,52.5,53.08,52.23,52.26,"951,700",APOL
5/13/2006,nan,nan,nan,nan,nan,APOL
5/14/2006,nan,nan,nan,nan,nan,APOL
05/15/2006,52.25,52.99,51.96,52.78,"975,100",APOL
05/16/2006,52.51,53.17,52.27,52.69,"1,170,100",APOL
05/17/2006,52.49,52.74,51.79,51.97,"1,452,800",APOL
05/18/2006,51.77,52.23,51.38,51.39,"1,217,100",APOL
05/19/2006,51.28,51.8,51,51.26,"1,436,900",APOL
5/20/2006,nan,nan,nan,nan,nan,APOL
5/21/2006,nan,nan,nan,nan,nan,APOL
05/22/2006,51,52.14,50.53,51.77,"1,003,400",APOL
05/23/2006,51.64,51.96,51.03,51.03,"1,318,300",APOL
05/24/2006,50.77,51.13,50.1,50.92,"1,795,300",APOL
05/25/2006,50.78,51.37,50.23,51.27,"1,571,600",APOL
05/26/2006,51.5,51.5,51.03,51.38,"785,800",APOL
5/27/2006,nan,nan,nan,nan,nan,APOL
5/28/2006,nan,nan,nan,nan,nan,APOL
5/29/2006,nan,nan,nan,nan,nan,APOL
05/30/2006,51.44,52.45,50.64,51.86,"1,701,900",APOL
05/31/2006,51.69,52.89,51.63,52.31,"1,097,600",APOL
06/01/2006,52.27,53.71,52.25,53.62,"1,267,700",APOL
06/02/2006,53.61,53.82,52.55,52.64,"2,250,100",APOL
6/3/2006,nan,nan,nan,nan,nan,APOL
6/4/2006,nan,nan,nan,nan,nan,APOL
06/05/2006,52.35,52.96,52.12,52.39,"1,895,100",APOL
06/06/2006,52.56,53.15,52.04,52.92,"1,254,400",APOL
06/07/2006,52.99,55.75,52.84,55.47,"2,497,500",APOL
06/08/2006,53.85,54.68,52.05,53.88,"4,283,300",APOL
06/09/2006,53.94,54.23,53.1,53.76,"966,100",APOL
6/10/2006,nan,nan,nan,nan,nan,APOL
6/11/2006,nan,nan,nan,nan,nan,APOL
06/12/2006,54.04,55.39,53.8,54.62,"1,380,300",APOL
06/13/2006,54.62,55.15,54.1,54.34,"1,347,700",APOL
06/14/2006,54.14,54.36,51.69,52.61,"2,400,900",APOL
06/15/2006,52.79,54.75,52.53,54.55,"1,111,100",APOL
06/16/2006,54.4,54.75,53.14,54.51,"2,068,900",APOL
6/17/2006,nan,nan,nan,nan,nan,APOL
6/18/2006,nan,nan,nan,nan,nan,APOL
06/19/2006,54.4,55.06,54.3,54.82,"1,247,600",APOL
06/20/2006,54.54,55.35,51.32,51.91,"4,085,300",APOL
06/21/2006,52.35,53.14,51.39,52.73,"1,861,500",APOL
06/22/2006,52.94,53.05,51.9,51.95,"1,011,900",APOL
06/23/2006,51.73,52.19,51.33,51.33,"1,100,200",APOL
6/24/2006,nan,nan,nan,nan,nan,APOL
6/25/2006,nan,nan,nan,nan,nan,APOL
06/26/2006,51.26,52.7,51.15,52.27,"1,053,300",APOL
06/27/2006,52.77,52.95,51.7,51.84,"806,900",APOL
06/28/2006,52.18,52.3,51.64,51.76,"715,600",APOL
06/29/2006,51.92,52.61,51.92,52.5,"1,599,200",APOL
06/30/2006,52.89,52.9,51.46,51.67,"1,715,000",APOL
7/1/2006,nan,nan,nan,nan,nan,APOL
7/2/2006,nan,nan,nan,nan,nan,APOL
07/03/2006,51.7,52,51.7,51.78,"574,900",APOL
7/4/2006,nan,nan,nan,nan,nan,APOL
07/05/2006,51.86,51.88,50.75,50.75,"1,339,700",APOL
07/06/2006,50.95,51.32,50.64,50.89,"1,248,600",APOL
07/07/2006,50.61,50.97,49.88,49.92,"1,032,400",APOL
7/8/2006,nan,nan,nan,nan,nan,APOL
7/9/2006,nan,nan,nan,nan,nan,APOL
07/10/2006,50.04,50.58,49.8,50.12,"1,120,100",APOL
07/11/2006,47.99,50.26,47.84,50.16,"2,609,800",APOL
07/12/2006,50.01,50.27,49.37,49.47,"1,311,800",APOL
07/13/2006,49.61,49.78,48.84,49.07,"857,900",APOL
07/14/2006,48.81,49,47.8,48.3,"1,181,600",APOL
7/15/2006,nan,nan,nan,nan,nan,APOL
7/16/2006,nan,nan,nan,nan,nan,APOL
07/17/2006,48.26,48.98,48.09,48.84,"794,900",APOL
07/18/2006,48.79,49.68,48.03,48.49,"840,700",APOL
07/19/2006,48.83,49.67,48.76,49.31,"1,464,100",APOL
07/20/2006,49.26,49.35,46.43,46.63,"1,772,300",APOL
07/21/2006,46.28,48.19,45.74,46.91,"2,207,600",APOL
7/22/2006,nan,nan,nan,nan,nan,APOL
7/23/2006,nan,nan,nan,nan,nan,APOL
07/24/2006,46.96,47.84,46.96,47.74,"1,447,900",APOL
07/25/2006,47.58,47.82,47,47.59,"854,300",APOL
07/26/2006,47.25,48.02,46.32,46.63,"1,178,000",APOL
07/27/2006,46.67,47.65,46.01,46.2,"1,087,500",APOL
07/28/2006,46.5,47.31,46.25,47.25,"837,400",APOL
7/29/2006,nan,nan,nan,nan,nan,APOL
7/30/2006,nan,nan,nan,nan,nan,APOL
07/31/2006,46.97,47.72,46.66,47.32,"755,700",APOL
08/01/2006,46.94,46.94,45.68,45.95,"1,069,200",APOL
08/02/2006,45.95,46.25,44.87,45.18,"1,796,600",APOL
08/03/2006,45.18,45.75,44.97,45.35,"1,626,700",APOL
08/04/2006,44.54,45.07,43.92,44.14,"2,478,800",APOL
8/5/2006,nan,nan,nan,nan,nan,APOL
8/6/2006,nan,nan,nan,nan,nan,APOL
08/07/2006,44.21,44.8,43.09,43.12,"1,367,400",APOL
08/08/2006,43.37,43.92,43.1,43.51,"1,542,000",APOL
08/09/2006,43.7,44.06,43.39,43.5,"1,375,900",APOL
08/10/2006,43.51,44.17,43.42,44,"1,097,800",APOL
08/11/2006,43.63,44.16,43.58,43.81,"1,055,200",APOL
8/12/2006,nan,nan,nan,nan,nan,APOL
